Actual_Converted,Conversion_Probability,Lead_Score,Priority_Tier
1,0.9994,99.9,Hot
1,0.9993,99.9,Hot
1,0.9988,99.9,Hot
1,0.9994,99.9,Hot
1,0.999,99.9,Hot
1,0.9988,99.9,Hot
1,0.9986,99.9,Hot
1,0.9992,99.9,Hot
1,0.9987,99.9,Hot
1,0.9985,99.9,Hot
1,0.9986,99.9,Hot
1,0.9979,99.8,Hot
1,0.9978,99.8,Hot
1,0.9982,99.8,Hot
1,0.9983,99.8,Hot
1,0.9983,99.8,Hot
1,0.998,99.8,Hot
1,0.9975,99.8,Hot
1,0.9982,99.8,Hot
1,0.9976,99.8,Hot
1,0.9983,99.8,Hot
0,0.9976,99.8,Hot
1,0.9974,99.7,Hot
1,0.9972,99.7,Hot
1,0.9972,99.7,Hot
1,0.9972,99.7,Hot
1,0.9972,99.7,Hot
1,0.9972,99.7,Hot
1,0.9972,99.7,Hot
1,0.9972,99.7,Hot
1,0.9972,99.7,Hot
1,0.9972,99.7,Hot
1,0.9972,99.7,Hot
1,0.9972,99.7,Hot
1,0.9972,99.7,Hot
1,0.9972,99.7,Hot
1,0.9972,99.7,Hot
1,0.9972,99.7,Hot
1,0.9974,99.7,Hot
1,0.9972,99.7,Hot
1,0.9972,99.7,Hot
1,0.9972,99.7,Hot
1,0.9972,99.7,Hot
1,0.9972,99.7,Hot
1,0.9972,99.7,Hot
1,0.9972,99.7,Hot
1,0.9972,99.7,Hot
1,0.9972,99.7,Hot
1,0.9972,99.7,Hot
1,0.9972,99.7,Hot
1,0.9972,99.7,Hot
1,0.997,99.7,Hot
1,0.9972,99.7,Hot
1,0.9972,99.7,Hot
1,0.9972,99.7,Hot
1,0.9972,99.7,Hot
1,0.9972,99.7,Hot
1,0.9972,99.7,Hot
1,0.9972,99.7,Hot
1,0.9972,99.7,Hot
1,0.9972,99.7,Hot
1,0.9972,99.7,Hot
1,0.9972,99.7,Hot
1,0.9972,99.7,Hot
1,0.9965,99.7,Hot
1,0.9972,99.7,Hot
1,0.9972,99.7,Hot
1,0.9972,99.7,Hot
1,0.9972,99.7,Hot
1,0.9972,99.7,Hot
1,0.9974,99.7,Hot
1,0.9972,99.7,Hot
1,0.9972,99.7,Hot
1,0.9972,99.7,Hot
1,0.9972,99.7,Hot
1,0.9972,99.7,Hot
1,0.9972,99.7,Hot
1,0.9972,99.7,Hot
1,0.9972,99.7,Hot
1,0.9972,99.7,Hot
1,0.9972,99.7,Hot
1,0.997,99.7,Hot
1,0.9972,99.7,Hot
1,0.997,99.7,Hot
1,0.9972,99.7,Hot
1,0.9972,99.7,Hot
1,0.9972,99.7,Hot
1,0.9972,99.7,Hot
1,0.9972,99.7,Hot
1,0.9972,99.7,Hot
1,0.9973,99.7,Hot
1,0.9972,99.7,Hot
1,0.9966,99.7,Hot
1,0.9969,99.7,Hot
1,0.9969,99.7,Hot
1,0.9971,99.7,Hot
1,0.9972,99.7,Hot
1,0.9972,99.7,Hot
1,0.9972,99.7,Hot
1,0.9972,99.7,Hot
1,0.9972,99.7,Hot
1,0.9972,99.7,Hot
1,0.9972,99.7,Hot
1,0.9967,99.7,Hot
1,0.9971,99.7,Hot
1,0.9972,99.7,Hot
1,0.9972,99.7,Hot
1,0.9972,99.7,Hot
1,0.9972,99.7,Hot
1,0.9972,99.7,Hot
1,0.9972,99.7,Hot
1,0.997,99.7,Hot
1,0.9972,99.7,Hot
1,0.9972,99.7,Hot
1,0.9972,99.7,Hot
1,0.9959,99.6,Hot
0,0.9955,99.6,Hot
1,0.9959,99.6,Hot
1,0.9962,99.6,Hot
1,0.996,99.6,Hot
1,0.9958,99.6,Hot
1,0.9961,99.6,Hot
1,0.9959,99.6,Hot
1,0.9957,99.6,Hot
1,0.9956,99.6,Hot
1,0.9964,99.6,Hot
1,0.9958,99.6,Hot
1,0.9952,99.5,Hot
1,0.9946,99.5,Hot
1,0.9945,99.5,Hot
1,0.995,99.5,Hot
1,0.995,99.5,Hot
0,0.995,99.5,Hot
1,0.9951,99.5,Hot
1,0.9948,99.5,Hot
1,0.9954,99.5,Hot
1,0.9945,99.5,Hot
1,0.9945,99.5,Hot
1,0.9955,99.5,Hot
1,0.9951,99.5,Hot
1,0.9951,99.5,Hot
1,0.995,99.5,Hot
1,0.9945,99.5,Hot
1,0.9941,99.4,Hot
1,0.9943,99.4,Hot
1,0.994,99.4,Hot
1,0.9942,99.4,Hot
1,0.9944,99.4,Hot
1,0.9937,99.4,Hot
1,0.9938,99.4,Hot
1,0.9939,99.4,Hot
1,0.9942,99.4,Hot
1,0.9929,99.3,Hot
1,0.9926,99.3,Hot
1,0.9928,99.3,Hot
1,0.993,99.3,Hot
1,0.9932,99.3,Hot
1,0.9929,99.3,Hot
1,0.9929,99.3,Hot
1,0.9925,99.3,Hot
1,0.9917,99.2,Hot
1,0.9915,99.2,Hot
1,0.9919,99.2,Hot
1,0.9916,99.2,Hot
1,0.9918,99.2,Hot
1,0.9924,99.2,Hot
1,0.9917,99.2,Hot
1,0.9919,99.2,Hot
1,0.9924,99.2,Hot
1,0.9918,99.2,Hot
1,0.9919,99.2,Hot
1,0.992,99.2,Hot
1,0.9921,99.2,Hot
1,0.9924,99.2,Hot
1,0.9915,99.2,Hot
1,0.9917,99.2,Hot
1,0.9915,99.2,Hot
1,0.9911,99.1,Hot
1,0.9911,99.1,Hot
1,0.9911,99.1,Hot
1,0.9911,99.1,Hot
1,0.9911,99.1,Hot
1,0.9911,99.1,Hot
1,0.9911,99.1,Hot
1,0.9913,99.1,Hot
1,0.9911,99.1,Hot
1,0.9911,99.1,Hot
1,0.9906,99.1,Hot
1,0.9908,99.1,Hot
1,0.9911,99.1,Hot
1,0.9912,99.1,Hot
1,0.9906,99.1,Hot
1,0.9911,99.1,Hot
1,0.9908,99.1,Hot
1,0.9914,99.1,Hot
1,0.9912,99.1,Hot
1,0.9907,99.1,Hot
1,0.9911,99.1,Hot
1,0.9911,99.1,Hot
1,0.9911,99.1,Hot
1,0.9911,99.1,Hot
1,0.9906,99.1,Hot
1,0.9911,99.1,Hot
1,0.9907,99.1,Hot
1,0.9915,99.1,Hot
1,0.9911,99.1,Hot
0,0.9911,99.1,Hot
1,0.9915,99.1,Hot
1,0.9914,99.1,Hot
1,0.9914,99.1,Hot
1,0.991,99.1,Hot
1,0.9915,99.1,Hot
1,0.9911,99.1,Hot
1,0.9911,99.1,Hot
1,0.9901,99.0,Hot
1,0.9904,99.0,Hot
1,0.9901,99.0,Hot
1,0.9899,99.0,Hot
1,0.9898,99.0,Hot
1,0.9896,99.0,Hot
1,0.9895,99.0,Hot
1,0.9898,99.0,Hot
1,0.989,98.9,Hot
0,0.9894,98.9,Hot
1,0.9888,98.9,Hot
1,0.9894,98.9,Hot
1,0.9891,98.9,Hot
1,0.9893,98.9,Hot
1,0.9892,98.9,Hot
1,0.9888,98.9,Hot
1,0.9887,98.9,Hot
1,0.9895,98.9,Hot
1,0.9887,98.9,Hot
1,0.989,98.9,Hot
1,0.9891,98.9,Hot
1,0.9883,98.8,Hot
1,0.9883,98.8,Hot
1,0.9883,98.8,Hot
1,0.9883,98.8,Hot
1,0.9877,98.8,Hot
1,0.9876,98.8,Hot
1,0.9883,98.8,Hot
1,0.9883,98.8,Hot
1,0.988,98.8,Hot
1,0.9883,98.8,Hot
1,0.9883,98.8,Hot
1,0.9883,98.8,Hot
0,0.9883,98.8,Hot
1,0.9883,98.8,Hot
1,0.9884,98.8,Hot
1,0.9883,98.8,Hot
1,0.9883,98.8,Hot
1,0.9882,98.8,Hot
1,0.9876,98.8,Hot
1,0.9883,98.8,Hot
1,0.9883,98.8,Hot
0,0.9883,98.8,Hot
1,0.9883,98.8,Hot
1,0.9883,98.8,Hot
1,0.9883,98.8,Hot
0,0.9883,98.8,Hot
1,0.9883,98.8,Hot
1,0.9883,98.8,Hot
1,0.9879,98.8,Hot
1,0.9884,98.8,Hot
1,0.9883,98.8,Hot
1,0.9883,98.8,Hot
1,0.9883,98.8,Hot
1,0.9883,98.8,Hot
1,0.9882,98.8,Hot
1,0.9883,98.8,Hot
1,0.9883,98.8,Hot
1,0.9883,98.8,Hot
1,0.9883,98.8,Hot
1,0.9882,98.8,Hot
1,0.9883,98.8,Hot
1,0.9883,98.8,Hot
1,0.9879,98.8,Hot
1,0.9883,98.8,Hot
1,0.9883,98.8,Hot
1,0.9883,98.8,Hot
1,0.9883,98.8,Hot
1,0.9879,98.8,Hot
1,0.9883,98.8,Hot
1,0.9869,98.7,Hot
1,0.9867,98.7,Hot
1,0.9871,98.7,Hot
1,0.9865,98.7,Hot
1,0.9874,98.7,Hot
1,0.987,98.7,Hot
1,0.9873,98.7,Hot
1,0.9867,98.7,Hot
1,0.9873,98.7,Hot
1,0.9872,98.7,Hot
1,0.9871,98.7,Hot
1,0.9855,98.6,Hot
1,0.9864,98.6,Hot
1,0.9857,98.6,Hot
1,0.9858,98.6,Hot
1,0.9858,98.6,Hot
1,0.9863,98.6,Hot
1,0.9862,98.6,Hot
1,0.9855,98.6,Hot
1,0.986,98.6,Hot
1,0.986,98.6,Hot
0,0.9855,98.6,Hot
1,0.9848,98.5,Hot
1,0.9849,98.5,Hot
1,0.9848,98.5,Hot
1,0.9854,98.5,Hot
1,0.9848,98.5,Hot
1,0.9848,98.5,Hot
1,0.9848,98.5,Hot
1,0.9848,98.5,Hot
1,0.9848,98.5,Hot
1,0.9848,98.5,Hot
1,0.9848,98.5,Hot
1,0.9851,98.5,Hot
1,0.9848,98.5,Hot
1,0.9848,98.5,Hot
1,0.9848,98.5,Hot
1,0.9848,98.5,Hot
1,0.9846,98.5,Hot
1,0.9848,98.5,Hot
1,0.9848,98.5,Hot
1,0.9848,98.5,Hot
1,0.9848,98.5,Hot
1,0.9848,98.5,Hot
1,0.9848,98.5,Hot
1,0.9848,98.5,Hot
1,0.9848,98.5,Hot
1,0.9848,98.5,Hot
1,0.9848,98.5,Hot
1,0.9848,98.5,Hot
1,0.9848,98.5,Hot
1,0.9848,98.5,Hot
1,0.9848,98.5,Hot
1,0.9848,98.5,Hot
1,0.9848,98.5,Hot
1,0.9848,98.5,Hot
1,0.9847,98.5,Hot
1,0.9848,98.5,Hot
1,0.9848,98.5,Hot
1,0.9848,98.5,Hot
1,0.9846,98.5,Hot
1,0.9848,98.5,Hot
1,0.9851,98.5,Hot
1,0.9848,98.5,Hot
1,0.9848,98.5,Hot
1,0.9848,98.5,Hot
1,0.9848,98.5,Hot
1,0.9848,98.5,Hot
1,0.9848,98.5,Hot
1,0.9853,98.5,Hot
1,0.9848,98.5,Hot
1,0.9848,98.5,Hot
1,0.9848,98.5,Hot
1,0.9848,98.5,Hot
1,0.9848,98.5,Hot
1,0.9848,98.5,Hot
1,0.9848,98.5,Hot
1,0.9848,98.5,Hot
1,0.9848,98.5,Hot
1,0.9848,98.5,Hot
1,0.9844,98.4,Hot
1,0.9842,98.4,Hot
1,0.9842,98.4,Hot
1,0.9844,98.4,Hot
1,0.9828,98.3,Hot
1,0.9828,98.3,Hot
1,0.9833,98.3,Hot
1,0.9825,98.3,Hot
0,0.983,98.3,Hot
1,0.9826,98.3,Hot
1,0.983,98.3,Hot
1,0.983,98.3,Hot
1,0.9816,98.2,Hot
1,0.9815,98.2,Hot
1,0.9816,98.2,Hot
1,0.9822,98.2,Hot
1,0.9818,98.2,Hot
1,0.9815,98.2,Hot
1,0.9824,98.2,Hot
1,0.9815,98.2,Hot
1,0.9816,98.2,Hot
1,0.9815,98.2,Hot
1,0.9816,98.2,Hot
0,0.9825,98.2,Hot
0,0.9816,98.2,Hot
1,0.9816,98.2,Hot
1,0.9816,98.2,Hot
1,0.9816,98.2,Hot
1,0.9816,98.2,Hot
1,0.9816,98.2,Hot
1,0.9822,98.2,Hot
1,0.9816,98.2,Hot
1,0.9816,98.2,Hot
1,0.9816,98.2,Hot
1,0.9819,98.2,Hot
1,0.9816,98.2,Hot
1,0.9816,98.2,Hot
1,0.9816,98.2,Hot
1,0.9819,98.2,Hot
1,0.9815,98.2,Hot
1,0.9816,98.2,Hot
1,0.9815,98.2,Hot
1,0.9822,98.2,Hot
1,0.9816,98.2,Hot
1,0.982,98.2,Hot
1,0.9815,98.2,Hot
1,0.9816,98.2,Hot
1,0.9825,98.2,Hot
1,0.982,98.2,Hot
1,0.9816,98.2,Hot
1,0.9816,98.2,Hot
1,0.9808,98.1,Hot
1,0.9806,98.1,Hot
1,0.9814,98.1,Hot
1,0.9805,98.1,Hot
1,0.9808,98.1,Hot
1,0.9813,98.1,Hot
1,0.9808,98.1,Hot
1,0.9811,98.1,Hot
1,0.9796,98.0,Hot
1,0.9796,98.0,Hot
0,0.9799,98.0,Hot
1,0.9798,98.0,Hot
1,0.9796,98.0,Hot
1,0.9796,98.0,Hot
1,0.9796,98.0,Hot
1,0.9802,98.0,Hot
1,0.9795,98.0,Hot
1,0.9797,98.0,Hot
1,0.9796,98.0,Hot
1,0.9796,98.0,Hot
1,0.9793,97.9,Hot
1,0.9791,97.9,Hot
1,0.9791,97.9,Hot
1,0.9788,97.9,Hot
1,0.9785,97.9,Hot
1,0.9794,97.9,Hot
1,0.9781,97.8,Hot
1,0.9784,97.8,Hot
1,0.9779,97.8,Hot
1,0.9779,97.8,Hot
1,0.9779,97.8,Hot
1,0.978,97.8,Hot
1,0.9779,97.8,Hot
0,0.9774,97.7,Hot
1,0.9771,97.7,Hot
1,0.9766,97.7,Hot
1,0.9774,97.7,Hot
1,0.9773,97.7,Hot
1,0.9775,97.7,Hot
1,0.9765,97.7,Hot
1,0.977,97.7,Hot
1,0.9773,97.7,Hot
1,0.9755,97.6,Hot
1,0.9758,97.6,Hot
1,0.9757,97.6,Hot
1,0.976,97.6,Hot
1,0.976,97.6,Hot
1,0.9755,97.6,Hot
1,0.9765,97.6,Hot
1,0.976,97.6,Hot
1,0.9748,97.5,Hot
1,0.9752,97.5,Hot
1,0.975,97.5,Hot
1,0.9749,97.5,Hot
1,0.9747,97.5,Hot
1,0.9751,97.5,Hot
1,0.9753,97.5,Hot
1,0.9754,97.5,Hot
1,0.9752,97.5,Hot
1,0.9752,97.5,Hot
1,0.9748,97.5,Hot
1,0.9745,97.5,Hot
1,0.9739,97.4,Hot
1,0.9737,97.4,Hot
1,0.9735,97.4,Hot
1,0.9745,97.4,Hot
1,0.9745,97.4,Hot
1,0.9743,97.4,Hot
1,0.9728,97.3,Hot
1,0.9734,97.3,Hot
1,0.973,97.3,Hot
1,0.9732,97.3,Hot
1,0.9726,97.3,Hot
1,0.9734,97.3,Hot
1,0.9726,97.3,Hot
1,0.9726,97.3,Hot
1,0.9718,97.2,Hot
1,0.9716,97.2,Hot
1,0.9718,97.2,Hot
1,0.9716,97.2,Hot
1,0.9723,97.2,Hot
1,0.9718,97.2,Hot
1,0.9718,97.2,Hot
1,0.9718,97.2,Hot
1,0.9718,97.2,Hot
1,0.9722,97.2,Hot
1,0.9717,97.2,Hot
1,0.9718,97.2,Hot
1,0.9718,97.2,Hot
0,0.9718,97.2,Hot
1,0.9718,97.2,Hot
1,0.9718,97.2,Hot
1,0.9718,97.2,Hot
1,0.9718,97.2,Hot
1,0.9718,97.2,Hot
1,0.9718,97.2,Hot
1,0.9718,97.2,Hot
1,0.9718,97.2,Hot
1,0.9725,97.2,Hot
1,0.9718,97.2,Hot
1,0.9718,97.2,Hot
1,0.9718,97.2,Hot
1,0.9718,97.2,Hot
1,0.9718,97.2,Hot
1,0.9715,97.2,Hot
1,0.9718,97.2,Hot
1,0.9718,97.2,Hot
1,0.9718,97.2,Hot
1,0.9718,97.2,Hot
1,0.9718,97.2,Hot
1,0.9718,97.2,Hot
1,0.9718,97.2,Hot
1,0.9718,97.2,Hot
1,0.9718,97.2,Hot
1,0.9718,97.2,Hot
1,0.9718,97.2,Hot
1,0.9718,97.2,Hot
1,0.9718,97.2,Hot
1,0.9718,97.2,Hot
0,0.9718,97.2,Hot
1,0.972,97.2,Hot
1,0.9718,97.2,Hot
1,0.9718,97.2,Hot
1,0.9718,97.2,Hot
1,0.9718,97.2,Hot
1,0.9712,97.1,Hot
1,0.9707,97.1,Hot
1,0.9708,97.1,Hot
1,0.9713,97.1,Hot
1,0.9715,97.1,Hot
1,0.9714,97.1,Hot
1,0.9704,97.0,Hot
1,0.9696,97.0,Hot
1,0.9703,97.0,Hot
1,0.9697,97.0,Hot
1,0.9697,97.0,Hot
1,0.9698,97.0,Hot
1,0.9697,97.0,Hot
1,0.9697,97.0,Hot
1,0.9688,96.9,Hot
1,0.9686,96.9,Hot
1,0.9695,96.9,Hot
1,0.9695,96.9,Hot
1,0.9687,96.9,Hot
1,0.9692,96.9,Hot
1,0.9679,96.8,Hot
1,0.968,96.8,Hot
1,0.9683,96.8,Hot
1,0.968,96.8,Hot
1,0.9681,96.8,Hot
1,0.9682,96.8,Hot
1,0.9673,96.7,Hot
1,0.9669,96.7,Hot
1,0.9673,96.7,Hot
1,0.9673,96.7,Hot
1,0.9669,96.7,Hot
1,0.9674,96.7,Hot
1,0.9668,96.7,Hot
1,0.967,96.7,Hot
1,0.9674,96.7,Hot
1,0.9674,96.7,Hot
1,0.9674,96.7,Hot
1,0.9665,96.6,Hot
0,0.9656,96.6,Hot
1,0.9662,96.6,Hot
1,0.9663,96.6,Hot
1,0.9664,96.6,Hot
0,0.9664,96.6,Hot
1,0.9657,96.6,Hot
1,0.9653,96.5,Hot
1,0.9649,96.5,Hot
1,0.9647,96.5,Hot
1,0.9646,96.5,Hot
1,0.965,96.5,Hot
1,0.9653,96.5,Hot
1,0.9645,96.5,Hot
1,0.9636,96.4,Hot
1,0.9642,96.4,Hot
1,0.9636,96.4,Hot
1,0.9638,96.4,Hot
1,0.9637,96.4,Hot
1,0.9636,96.4,Hot
1,0.9635,96.3,Hot
1,0.9633,96.3,Hot
1,0.9628,96.3,Hot
1,0.9625,96.3,Hot
1,0.9628,96.3,Hot
1,0.9629,96.3,Hot
1,0.9632,96.3,Hot
1,0.9625,96.2,Hot
1,0.9624,96.2,Hot
1,0.9616,96.2,Hot
1,0.961,96.1,Hot
1,0.9607,96.1,Hot
1,0.9605,96.1,Hot
1,0.9609,96.1,Hot
1,0.9607,96.1,Hot
1,0.9606,96.1,Hot
1,0.9608,96.1,Hot
1,0.9612,96.1,Hot
1,0.9606,96.1,Hot
1,0.96,96.0,Hot
1,0.9596,96.0,Hot
1,0.9595,96.0,Hot
1,0.9601,96.0,Hot
1,0.9596,96.0,Hot
1,0.96,96.0,Hot
1,0.9592,95.9,Hot
1,0.959,95.9,Hot
1,0.9593,95.9,Hot
1,0.9595,95.9,Hot
1,0.9577,95.8,Hot
1,0.9585,95.8,Hot
0,0.9581,95.8,Hot
1,0.9579,95.8,Hot
1,0.9576,95.8,Hot
1,0.958,95.8,Hot
1,0.9578,95.8,Hot
1,0.9575,95.8,Hot
1,0.9582,95.8,Hot
1,0.9579,95.8,Hot
1,0.9576,95.8,Hot
1,0.958,95.8,Hot
1,0.9573,95.7,Hot
1,0.9573,95.7,Hot
1,0.9572,95.7,Hot
1,0.957,95.7,Hot
1,0.9573,95.7,Hot
1,0.957,95.7,Hot
1,0.9575,95.7,Hot
1,0.957,95.7,Hot
1,0.9564,95.6,Hot
1,0.9561,95.6,Hot
1,0.9557,95.6,Hot
0,0.9564,95.6,Hot
1,0.9559,95.6,Hot
1,0.9556,95.6,Hot
1,0.9564,95.6,Hot
1,0.9552,95.5,Hot
1,0.9546,95.5,Hot
1,0.9549,95.5,Hot
1,0.9554,95.5,Hot
1,0.955,95.5,Hot
1,0.9551,95.5,Hot
1,0.9551,95.5,Hot
1,0.955,95.5,Hot
1,0.9542,95.4,Hot
0,0.954,95.4,Hot
1,0.9535,95.4,Hot
1,0.9545,95.4,Hot
1,0.9544,95.4,Hot
1,0.9543,95.4,Hot
1,0.9537,95.4,Hot
1,0.954,95.4,Hot
1,0.9537,95.4,Hot
1,0.954,95.4,Hot
1,0.9537,95.4,Hot
1,0.9531,95.3,Hot
1,0.9531,95.3,Hot
1,0.9531,95.3,Hot
1,0.9531,95.3,Hot
1,0.9531,95.3,Hot
1,0.9531,95.3,Hot
1,0.9531,95.3,Hot
1,0.9531,95.3,Hot
1,0.953,95.3,Hot
0,0.9531,95.3,Hot
1,0.9531,95.3,Hot
1,0.9534,95.3,Hot
1,0.9531,95.3,Hot
1,0.9525,95.3,Hot
1,0.9531,95.3,Hot
1,0.9531,95.3,Hot
1,0.9531,95.3,Hot
1,0.9534,95.3,Hot
1,0.9533,95.3,Hot
1,0.9531,95.3,Hot
1,0.9521,95.2,Hot
1,0.952,95.2,Hot
1,0.9521,95.2,Hot
1,0.9521,95.2,Hot
0,0.9517,95.2,Hot
1,0.9521,95.2,Hot
1,0.9507,95.1,Hot
0,0.9511,95.1,Hot
1,0.951,95.1,Hot
1,0.9507,95.1,Hot
1,0.9511,95.1,Hot
1,0.9512,95.1,Hot
1,0.9506,95.1,Hot
1,0.951,95.1,Hot
1,0.9504,95.0,Hot
1,0.9499,95.0,Hot
1,0.9498,95.0,Hot
1,0.95,95.0,Hot
0,0.9502,95.0,Hot
1,0.9504,95.0,Hot
1,0.9486,94.9,Hot
1,0.9487,94.9,Hot
1,0.9488,94.9,Hot
1,0.9491,94.9,Hot
1,0.9495,94.9,Hot
1,0.9492,94.9,Hot
1,0.9489,94.9,Hot
0,0.9482,94.8,Hot
1,0.9481,94.8,Hot
1,0.948,94.8,Hot
1,0.9478,94.8,Hot
1,0.9484,94.8,Hot
0,0.9484,94.8,Hot
1,0.948,94.8,Hot
1,0.9466,94.7,Hot
1,0.9467,94.7,Hot
1,0.9471,94.7,Hot
1,0.947,94.7,Hot
1,0.947,94.7,Hot
1,0.9466,94.7,Hot
1,0.9469,94.7,Hot
0,0.9464,94.6,Hot
0,0.946,94.6,Hot
1,0.9457,94.6,Hot
1,0.9458,94.6,Hot
1,0.9458,94.6,Hot
1,0.9464,94.6,Hot
1,0.9455,94.5,Hot
1,0.9447,94.5,Hot
0,0.9451,94.5,Hot
1,0.9455,94.5,Hot
0,0.9447,94.5,Hot
1,0.9451,94.5,Hot
1,0.9446,94.5,Hot
1,0.9447,94.5,Hot
1,0.944,94.4,Hot
1,0.9436,94.4,Hot
1,0.9442,94.4,Hot
1,0.9439,94.4,Hot
1,0.9436,94.4,Hot
1,0.9437,94.4,Hot
1,0.943,94.3,Hot
1,0.9428,94.3,Hot
1,0.9427,94.3,Hot
1,0.9421,94.2,Hot
1,0.942,94.2,Hot
1,0.9423,94.2,Hot
1,0.9418,94.2,Hot
1,0.9409,94.1,Hot
1,0.9409,94.1,Hot
1,0.9413,94.1,Hot
0,0.9414,94.1,Hot
1,0.9411,94.1,Hot
1,0.9413,94.1,Hot
1,0.9406,94.1,Hot
1,0.9409,94.1,Hot
1,0.9414,94.1,Hot
1,0.9411,94.1,Hot
1,0.9412,94.1,Hot
0,0.9407,94.1,Hot
0,0.9405,94.0,Hot
1,0.9401,94.0,Hot
1,0.9395,94.0,Hot
1,0.9404,94.0,Hot
1,0.9397,94.0,Hot
1,0.9402,94.0,Hot
1,0.9396,94.0,Hot
1,0.9391,93.9,Hot
1,0.9391,93.9,Hot
1,0.9391,93.9,Hot
1,0.9391,93.9,Hot
1,0.9391,93.9,Hot
1,0.9391,93.9,Hot
1,0.9391,93.9,Hot
1,0.9391,93.9,Hot
1,0.9391,93.9,Hot
1,0.9391,93.9,Hot
1,0.9391,93.9,Hot
1,0.9391,93.9,Hot
1,0.9391,93.9,Hot
1,0.9391,93.9,Hot
1,0.9394,93.9,Hot
1,0.9391,93.9,Hot
1,0.9391,93.9,Hot
1,0.9391,93.9,Hot
1,0.9391,93.9,Hot
1,0.9391,93.9,Hot
1,0.9391,93.9,Hot
1,0.9387,93.9,Hot
1,0.9387,93.9,Hot
1,0.9391,93.9,Hot
1,0.9392,93.9,Hot
1,0.9391,93.9,Hot
1,0.9391,93.9,Hot
1,0.9391,93.9,Hot
1,0.9391,93.9,Hot
1,0.9393,93.9,Hot
1,0.9391,93.9,Hot
1,0.9391,93.9,Hot
1,0.9388,93.9,Hot
1,0.9391,93.9,Hot
1,0.9391,93.9,Hot
1,0.9391,93.9,Hot
1,0.9389,93.9,Hot
1,0.9382,93.8,Hot
1,0.9381,93.8,Hot
1,0.9382,93.8,Hot
1,0.9382,93.8,Hot
1,0.9376,93.8,Hot
1,0.9381,93.8,Hot
1,0.9381,93.8,Hot
1,0.9384,93.8,Hot
1,0.9381,93.8,Hot
1,0.9382,93.8,Hot
1,0.9376,93.8,Hot
1,0.9382,93.8,Hot
1,0.9382,93.8,Hot
1,0.9382,93.8,Hot
1,0.9381,93.8,Hot
1,0.9382,93.8,Hot
1,0.9377,93.8,Hot
1,0.9373,93.7,Hot
1,0.9372,93.7,Hot
1,0.9364,93.6,Hot
1,0.9359,93.6,Hot
1,0.9363,93.6,Hot
1,0.9363,93.6,Hot
1,0.9359,93.6,Hot
1,0.9357,93.6,Hot
0,0.935,93.5,Hot
0,0.9351,93.5,Hot
1,0.9347,93.5,Hot
0,0.9345,93.5,Hot
1,0.9351,93.5,Hot
1,0.935,93.5,Hot
1,0.9349,93.5,Hot
1,0.9353,93.5,Hot
1,0.9354,93.5,Hot
1,0.935,93.5,Hot
1,0.935,93.5,Hot
1,0.9354,93.5,Hot
1,0.9337,93.4,Hot
1,0.9343,93.4,Hot
1,0.934,93.4,Hot
1,0.9337,93.4,Hot
1,0.9338,93.4,Hot
1,0.9333,93.3,Hot
0,0.9326,93.3,Hot
1,0.9334,93.3,Hot
1,0.9329,93.3,Hot
1,0.9329,93.3,Hot
0,0.9326,93.3,Hot
1,0.9332,93.3,Hot
1,0.9333,93.3,Hot
1,0.9325,93.3,Hot
1,0.9329,93.3,Hot
0,0.9319,93.2,Hot
1,0.9323,93.2,Hot
0,0.9325,93.2,Hot
1,0.9318,93.2,Hot
1,0.9316,93.2,Hot
0,0.9315,93.2,Hot
1,0.9318,93.2,Hot
1,0.9323,93.2,Hot
1,0.932,93.2,Hot
1,0.932,93.2,Hot
1,0.9312,93.1,Hot
1,0.9308,93.1,Hot
1,0.9308,93.1,Hot
1,0.9308,93.1,Hot
1,0.9312,93.1,Hot
1,0.9314,93.1,Hot
1,0.9309,93.1,Hot
1,0.9303,93.0,Hot
1,0.9297,93.0,Hot
0,0.9298,93.0,Hot
1,0.9293,92.9,Hot
1,0.9295,92.9,Hot
1,0.9294,92.9,Hot
1,0.9295,92.9,Hot
1,0.9292,92.9,Hot
1,0.9289,92.9,Hot
1,0.9288,92.9,Hot
1,0.9284,92.8,Hot
1,0.9284,92.8,Hot
1,0.9282,92.8,Hot
1,0.9277,92.8,Hot
1,0.9285,92.8,Hot
1,0.927,92.7,Hot
1,0.927,92.7,Hot
1,0.927,92.7,Hot
0,0.927,92.7,Hot
0,0.927,92.7,Hot
0,0.9267,92.7,Hot
1,0.927,92.7,Hot
1,0.9267,92.7,Hot
1,0.927,92.7,Hot
1,0.927,92.7,Hot
1,0.927,92.7,Hot
1,0.9267,92.7,Hot
1,0.927,92.7,Hot
1,0.9259,92.6,Hot
1,0.9256,92.6,Hot
1,0.9265,92.6,Hot
1,0.9264,92.6,Hot
1,0.9258,92.6,Hot
1,0.926,92.6,Hot
1,0.9247,92.5,Hot
1,0.9246,92.5,Hot
1,0.9252,92.5,Hot
1,0.9255,92.5,Hot
1,0.925,92.5,Hot
1,0.9238,92.4,Hot
1,0.9241,92.4,Hot
1,0.9239,92.4,Hot
1,0.9245,92.4,Hot
1,0.9243,92.4,Hot
1,0.9231,92.3,Hot
1,0.9226,92.3,Hot
1,0.9232,92.3,Hot
1,0.9232,92.3,Hot
1,0.9234,92.3,Hot
1,0.9228,92.3,Hot
1,0.9231,92.3,Hot
1,0.9228,92.3,Hot
1,0.9232,92.3,Hot
1,0.9219,92.2,Hot
1,0.9222,92.2,Hot
1,0.9218,92.2,Hot
0,0.9216,92.2,Hot
1,0.9223,92.2,Hot
0,0.9212,92.1,Hot
1,0.9207,92.1,Hot
1,0.9215,92.1,Hot
1,0.9213,92.1,Hot
0,0.9211,92.1,Hot
1,0.9201,92.0,Hot
1,0.9204,92.0,Hot
1,0.9198,92.0,Hot
1,0.9196,92.0,Hot
1,0.9196,92.0,Hot
1,0.9205,92.0,Hot
1,0.9192,91.9,Hot
0,0.9189,91.9,Hot
0,0.9187,91.9,Hot
1,0.9189,91.9,Hot
0,0.9187,91.9,Hot
1,0.9192,91.9,Hot
1,0.9195,91.9,Hot
1,0.9188,91.9,Hot
1,0.9187,91.9,Hot
1,0.918,91.8,Hot
0,0.9178,91.8,Hot
1,0.9184,91.8,Hot
1,0.9184,91.8,Hot
1,0.9178,91.8,Hot
1,0.918,91.8,Hot
1,0.9177,91.8,Hot
1,0.9171,91.7,Hot
1,0.9171,91.7,Hot
1,0.9173,91.7,Hot
0,0.9171,91.7,Hot
1,0.9171,91.7,Hot
1,0.9171,91.7,Hot
1,0.917,91.7,Hot
1,0.9171,91.7,Hot
1,0.9166,91.7,Hot
1,0.9171,91.7,Hot
1,0.9171,91.7,Hot
1,0.9171,91.7,Hot
1,0.9171,91.7,Hot
1,0.9171,91.7,Hot
1,0.9171,91.7,Hot
1,0.9171,91.7,Hot
1,0.9171,91.7,Hot
1,0.9171,91.7,Hot
1,0.9171,91.7,Hot
0,0.9171,91.7,Hot
0,0.917,91.7,Hot
0,0.9171,91.7,Hot
1,0.9171,91.7,Hot
1,0.9171,91.7,Hot
1,0.9171,91.7,Hot
1,0.9171,91.7,Hot
1,0.9171,91.7,Hot
1,0.9171,91.7,Hot
1,0.9171,91.7,Hot
1,0.9171,91.7,Hot
0,0.9171,91.7,Hot
0,0.9171,91.7,Hot
1,0.9171,91.7,Hot
1,0.9171,91.7,Hot
1,0.9171,91.7,Hot
1,0.9171,91.7,Hot
0,0.9171,91.7,Hot
1,0.9171,91.7,Hot
1,0.9171,91.7,Hot
1,0.9171,91.7,Hot
1,0.9171,91.7,Hot
1,0.9172,91.7,Hot
1,0.9171,91.7,Hot
1,0.9171,91.7,Hot
1,0.9171,91.7,Hot
1,0.9171,91.7,Hot
0,0.9171,91.7,Hot
0,0.9171,91.7,Hot
0,0.9171,91.7,Hot
1,0.9171,91.7,Hot
1,0.9171,91.7,Hot
1,0.9171,91.7,Hot
1,0.9171,91.7,Hot
1,0.9171,91.7,Hot
1,0.9171,91.7,Hot
0,0.9171,91.7,Hot
0,0.9171,91.7,Hot
1,0.9171,91.7,Hot
1,0.9171,91.7,Hot
0,0.9171,91.7,Hot
0,0.9171,91.7,Hot
1,0.9171,91.7,Hot
1,0.9171,91.7,Hot
1,0.917,91.7,Hot
1,0.9167,91.7,Hot
1,0.9171,91.7,Hot
1,0.9171,91.7,Hot
1,0.9166,91.7,Hot
1,0.9171,91.7,Hot
1,0.9171,91.7,Hot
1,0.9171,91.7,Hot
1,0.9171,91.7,Hot
1,0.9171,91.7,Hot
1,0.9157,91.6,Hot
1,0.9163,91.6,Hot
1,0.9163,91.6,Hot
1,0.9154,91.5,Hot
1,0.9154,91.5,Hot
1,0.9154,91.5,Hot
1,0.9154,91.5,Hot
1,0.9153,91.5,Hot
0,0.915,91.5,Hot
1,0.9154,91.5,Hot
1,0.9154,91.5,Hot
1,0.9154,91.5,Hot
1,0.9149,91.5,Hot
1,0.9154,91.5,Hot
0,0.9154,91.5,Hot
1,0.9146,91.5,Hot
1,0.9152,91.5,Hot
1,0.9154,91.5,Hot
1,0.9145,91.5,Hot
1,0.9154,91.5,Hot
1,0.9154,91.5,Hot
1,0.9154,91.5,Hot
1,0.9154,91.5,Hot
1,0.9142,91.4,Hot
1,0.9138,91.4,Hot
1,0.9143,91.4,Hot
1,0.9138,91.4,Hot
1,0.9139,91.4,Hot
1,0.9132,91.3,Hot
1,0.9131,91.3,Hot
1,0.9126,91.3,Hot
1,0.9135,91.3,Hot
0,0.9133,91.3,Hot
1,0.9133,91.3,Hot
0,0.9117,91.2,Hot
1,0.9119,91.2,Hot
1,0.9121,91.2,Hot
1,0.9116,91.2,Hot
1,0.9121,91.2,Hot
1,0.9123,91.2,Hot
1,0.912,91.2,Hot
0,0.9124,91.2,Hot
1,0.9124,91.2,Hot
1,0.9107,91.1,Hot
1,0.9114,91.1,Hot
1,0.9107,91.1,Hot
1,0.9107,91.1,Hot
1,0.9109,91.1,Hot
1,0.9101,91.0,Hot
1,0.9095,91.0,Hot
1,0.9103,91.0,Hot
1,0.9101,91.0,Hot
1,0.9089,90.9,Hot
0,0.9083,90.8,Hot
1,0.9075,90.8,Hot
1,0.9078,90.8,Hot
1,0.9071,90.7,Hot
1,0.9072,90.7,Hot
1,0.9067,90.7,Hot
1,0.9073,90.7,Hot
1,0.9065,90.7,Hot
0,0.9067,90.7,Hot
1,0.9065,90.7,Hot
1,0.9065,90.7,Hot
1,0.9075,90.7,Hot
1,0.9065,90.7,Hot
1,0.9074,90.7,Hot
1,0.906,90.6,Hot
1,0.9064,90.6,Hot
1,0.9064,90.6,Hot
1,0.9064,90.6,Hot
1,0.9061,90.6,Hot
0,0.9053,90.5,Hot
0,0.9053,90.5,Hot
1,0.9055,90.5,Hot
1,0.9052,90.5,Hot
1,0.9039,90.4,Hot
1,0.9045,90.4,Hot
1,0.9041,90.4,Hot
0,0.9043,90.4,Hot
0,0.9045,90.4,Hot
1,0.9044,90.4,Hot
0,0.9042,90.4,Hot
0,0.9036,90.4,Hot
1,0.9039,90.4,Hot
0,0.9027,90.3,Hot
1,0.9027,90.3,Hot
1,0.9017,90.2,Hot
1,0.902,90.2,Hot
1,0.9022,90.2,Hot
1,0.9016,90.2,Hot
1,0.9021,90.2,Hot
1,0.9024,90.2,Hot
1,0.9017,90.2,Hot
1,0.9016,90.2,Hot
1,0.9015,90.2,Hot
1,0.9024,90.2,Hot
1,0.9024,90.2,Hot
1,0.9013,90.1,Hot
1,0.9012,90.1,Hot
1,0.9006,90.1,Hot
1,0.9013,90.1,Hot
1,0.8998,90.0,Hot
1,0.8997,90.0,Hot
1,0.8999,90.0,Hot
1,0.9002,90.0,Hot
0,0.9002,90.0,Hot
1,0.8999,90.0,Hot
1,0.9002,90.0,Hot
1,0.9002,90.0,Hot
1,0.9,90.0,Hot
1,0.899,89.9,Hot
1,0.8989,89.9,Hot
1,0.8991,89.9,Hot
1,0.8993,89.9,Hot
1,0.8986,89.9,Hot
0,0.8988,89.9,Hot
1,0.8987,89.9,Hot
1,0.899,89.9,Hot
0,0.898,89.8,Hot
1,0.8982,89.8,Hot
1,0.8979,89.8,Hot
0,0.8984,89.8,Hot
0,0.898,89.8,Hot
0,0.8982,89.8,Hot
1,0.8983,89.8,Hot
1,0.8979,89.8,Hot
1,0.898,89.8,Hot
0,0.8973,89.7,Hot
0,0.8967,89.7,Hot
1,0.8967,89.7,Hot
1,0.8974,89.7,Hot
1,0.8972,89.7,Hot
1,0.8967,89.7,Hot
1,0.8961,89.6,Hot
1,0.8958,89.6,Hot
1,0.8962,89.6,Hot
1,0.8963,89.6,Hot
1,0.8954,89.5,Hot
1,0.8952,89.5,Hot
1,0.8951,89.5,Hot
0,0.8952,89.5,Hot
1,0.8947,89.5,Hot
1,0.8937,89.4,Hot
1,0.8944,89.4,Hot
1,0.8945,89.4,Hot
1,0.8935,89.4,Hot
1,0.8942,89.4,Hot
1,0.8939,89.4,Hot
1,0.8945,89.4,Hot
1,0.8926,89.3,Hot
0,0.8926,89.3,Hot
1,0.8927,89.3,Hot
1,0.8933,89.3,Hot
1,0.893,89.3,Hot
1,0.8926,89.3,Hot
1,0.8915,89.2,Hot
1,0.8915,89.2,Hot
0,0.8915,89.2,Hot
1,0.8915,89.2,Hot
1,0.8915,89.2,Hot
1,0.8915,89.2,Hot
1,0.8915,89.2,Hot
1,0.8915,89.2,Hot
1,0.8915,89.2,Hot
1,0.8915,89.2,Hot
1,0.8915,89.2,Hot
1,0.8915,89.2,Hot
1,0.8915,89.2,Hot
0,0.8915,89.2,Hot
0,0.8915,89.2,Hot
1,0.8915,89.2,Hot
1,0.8915,89.2,Hot
1,0.8915,89.2,Hot
1,0.8915,89.2,Hot
1,0.8915,89.2,Hot
1,0.8915,89.2,Hot
1,0.8915,89.2,Hot
1,0.8915,89.2,Hot
1,0.8915,89.2,Hot
1,0.8915,89.2,Hot
1,0.8915,89.2,Hot
1,0.8915,89.2,Hot
1,0.8915,89.2,Hot
1,0.8915,89.2,Hot
1,0.8915,89.2,Hot
1,0.8915,89.2,Hot
1,0.8915,89.2,Hot
1,0.8915,89.2,Hot
1,0.8915,89.2,Hot
1,0.8915,89.2,Hot
1,0.8915,89.2,Hot
1,0.8915,89.2,Hot
1,0.8915,89.2,Hot
1,0.8915,89.2,Hot
1,0.8915,89.2,Hot
1,0.8915,89.2,Hot
1,0.8915,89.2,Hot
1,0.8915,89.2,Hot
1,0.8915,89.2,Hot
1,0.8915,89.2,Hot
1,0.8915,89.2,Hot
1,0.8915,89.2,Hot
1,0.8915,89.2,Hot
1,0.8915,89.2,Hot
1,0.8918,89.2,Hot
1,0.8915,89.2,Hot
1,0.8915,89.2,Hot
1,0.8915,89.2,Hot
0,0.8915,89.2,Hot
1,0.8915,89.2,Hot
1,0.8915,89.2,Hot
1,0.8915,89.2,Hot
1,0.8915,89.2,Hot
1,0.8915,89.2,Hot
0,0.8915,89.2,Hot
1,0.8915,89.2,Hot
1,0.8915,89.2,Hot
1,0.8915,89.2,Hot
1,0.8915,89.2,Hot
1,0.8915,89.2,Hot
1,0.8915,89.2,Hot
1,0.8915,89.2,Hot
1,0.8915,89.2,Hot
1,0.8915,89.2,Hot
1,0.8915,89.2,Hot
1,0.8915,89.2,Hot
1,0.8915,89.2,Hot
1,0.8915,89.2,Hot
1,0.8915,89.2,Hot
0,0.8915,89.2,Hot
1,0.8915,89.2,Hot
1,0.8915,89.2,Hot
1,0.8915,89.2,Hot
1,0.8919,89.2,Hot
1,0.8915,89.2,Hot
1,0.8915,89.2,Hot
1,0.8915,89.2,Hot
1,0.8915,89.2,Hot
1,0.8924,89.2,Hot
1,0.8915,89.2,Hot
1,0.8915,89.2,Hot
1,0.8915,89.2,Hot
1,0.892,89.2,Hot
1,0.8915,89.2,Hot
1,0.8915,89.2,Hot
1,0.8915,89.2,Hot
0,0.892,89.2,Hot
1,0.8914,89.1,Hot
1,0.8906,89.1,Hot
1,0.8906,89.1,Hot
1,0.8912,89.1,Hot
0,0.8912,89.1,Hot
1,0.8909,89.1,Hot
1,0.8899,89.0,Hot
1,0.8899,89.0,Hot
1,0.8902,89.0,Hot
1,0.8903,89.0,Hot
1,0.8902,89.0,Hot
1,0.8899,89.0,Hot
1,0.8898,89.0,Hot
1,0.8894,88.9,Hot
1,0.8886,88.9,Hot
1,0.8893,88.9,Hot
1,0.8892,88.9,Hot
1,0.8892,88.9,Hot
1,0.8885,88.9,Hot
1,0.8887,88.9,Hot
1,0.8891,88.9,Hot
1,0.8893,88.9,Hot
1,0.8889,88.9,Hot
0,0.8889,88.9,Hot
1,0.8881,88.8,Hot
1,0.8876,88.8,Hot
1,0.8882,88.8,Hot
0,0.8881,88.8,Hot
1,0.8882,88.8,Hot
1,0.8869,88.7,Hot
1,0.8874,88.7,Hot
0,0.8869,88.7,Hot
1,0.8873,88.7,Hot
1,0.8867,88.7,Hot
1,0.8869,88.7,Hot
1,0.8867,88.7,Hot
1,0.8864,88.6,Hot
1,0.8845,88.5,Hot
1,0.8837,88.4,Hot
1,0.8838,88.4,Hot
1,0.8844,88.4,Hot
1,0.8841,88.4,Hot
1,0.8836,88.4,Hot
1,0.8839,88.4,Hot
1,0.8828,88.3,Hot
1,0.8833,88.3,Hot
1,0.8828,88.3,Hot
1,0.8829,88.3,Hot
1,0.8829,88.3,Hot
1,0.8828,88.3,Hot
1,0.8821,88.2,Hot
0,0.8821,88.2,Hot
0,0.8815,88.2,Hot
1,0.8822,88.2,Hot
1,0.8821,88.2,Hot
0,0.8815,88.2,Hot
1,0.8816,88.2,Hot
1,0.8823,88.2,Hot
1,0.8806,88.1,Hot
1,0.8812,88.1,Hot
0,0.8807,88.1,Hot
1,0.8807,88.1,Hot
1,0.8807,88.1,Hot
1,0.881,88.1,Hot
1,0.8806,88.1,Hot
1,0.8804,88.0,Hot
1,0.8804,88.0,Hot
1,0.8796,88.0,Hot
1,0.8799,88.0,Hot
1,0.8798,88.0,Hot
1,0.88,88.0,Hot
1,0.8802,88.0,Hot
0,0.8795,88.0,Hot
0,0.8802,88.0,Hot
1,0.8796,88.0,Hot
1,0.8796,88.0,Hot
1,0.8797,88.0,Hot
1,0.8804,88.0,Hot
1,0.879,87.9,Hot
0,0.8793,87.9,Hot
1,0.8791,87.9,Hot
1,0.8792,87.9,Hot
1,0.8789,87.9,Hot
1,0.8791,87.9,Hot
0,0.8794,87.9,Hot
1,0.8778,87.8,Hot
1,0.8785,87.8,Hot
1,0.8782,87.8,Hot
1,0.8781,87.8,Hot
1,0.8781,87.8,Hot
1,0.8782,87.8,Hot
1,0.8783,87.8,Hot
0,0.8781,87.8,Hot
1,0.8784,87.8,Hot
1,0.8768,87.7,Hot
1,0.877,87.7,Hot
1,0.8768,87.7,Hot
1,0.8767,87.7,Hot
1,0.8765,87.7,Hot
1,0.8775,87.7,Hot
1,0.8774,87.7,Hot
1,0.8759,87.6,Hot
1,0.8759,87.6,Hot
1,0.8756,87.6,Hot
1,0.8759,87.6,Hot
1,0.8759,87.6,Hot
1,0.8753,87.5,Hot
1,0.8754,87.5,Hot
1,0.8755,87.5,Hot
1,0.8747,87.5,Hot
1,0.8753,87.5,Hot
1,0.8755,87.5,Hot
1,0.8753,87.5,Hot
1,0.8745,87.4,Hot
1,0.8743,87.4,Hot
1,0.8738,87.4,Hot
1,0.8735,87.4,Hot
1,0.8744,87.4,Hot
1,0.8739,87.4,Hot
1,0.8732,87.3,Hot
1,0.8734,87.3,Hot
1,0.8715,87.2,Hot
1,0.8719,87.2,Hot
1,0.8724,87.2,Hot
1,0.8706,87.1,Hot
1,0.8715,87.1,Hot
0,0.8704,87.0,Hot
1,0.8703,87.0,Hot
1,0.8697,87.0,Hot
0,0.8698,87.0,Hot
1,0.8702,87.0,Hot
0,0.8699,87.0,Hot
1,0.8696,87.0,Hot
0,0.8699,87.0,Hot
0,0.8704,87.0,Hot
0,0.8688,86.9,Hot
1,0.8695,86.9,Hot
1,0.8695,86.9,Hot
1,0.8695,86.9,Hot
1,0.8692,86.9,Hot
0,0.8678,86.8,Hot
0,0.8678,86.8,Hot
1,0.8678,86.8,Hot
0,0.8682,86.8,Hot
1,0.8671,86.7,Hot
1,0.8667,86.7,Hot
0,0.8671,86.7,Hot
1,0.8655,86.6,Hot
0,0.8665,86.6,Hot
1,0.8658,86.6,Hot
0,0.8661,86.6,Hot
1,0.8652,86.5,Hot
1,0.865,86.5,Hot
1,0.8646,86.5,Hot
0,0.8646,86.5,Hot
0,0.8648,86.5,Hot
1,0.8648,86.5,Hot
1,0.8648,86.5,Hot
0,0.8654,86.5,Hot
0,0.8639,86.4,Hot
1,0.8645,86.4,Hot
1,0.864,86.4,Hot
1,0.8639,86.4,Hot
1,0.8636,86.4,Hot
1,0.8631,86.3,Hot
1,0.8627,86.3,Hot
1,0.8625,86.2,Hot
1,0.8617,86.2,Hot
1,0.862,86.2,Hot
1,0.862,86.2,Hot
1,0.8609,86.1,Hot
1,0.8605,86.1,Hot
1,0.8613,86.1,Hot
1,0.861,86.1,Hot
1,0.8609,86.1,Hot
1,0.8613,86.1,Hot
0,0.8613,86.1,Hot
1,0.8605,86.1,Hot
1,0.861,86.1,Hot
1,0.86,86.0,Hot
1,0.8602,86.0,Hot
0,0.8596,86.0,Hot
1,0.8599,86.0,Hot
1,0.859,85.9,Hot
0,0.8588,85.9,Hot
0,0.859,85.9,Hot
0,0.8586,85.9,Hot
1,0.8588,85.9,Hot
1,0.8594,85.9,Hot
1,0.8592,85.9,Hot
0,0.8588,85.9,Hot
1,0.8583,85.8,Hot
1,0.8581,85.8,Hot
1,0.8582,85.8,Hot
1,0.8581,85.8,Hot
1,0.8583,85.8,Hot
1,0.8583,85.8,Hot
1,0.8567,85.7,Hot
1,0.8567,85.7,Hot
1,0.8565,85.7,Hot
1,0.8574,85.7,Hot
1,0.8569,85.7,Hot
1,0.8565,85.7,Hot
1,0.8571,85.7,Hot
0,0.8568,85.7,Hot
1,0.8565,85.7,Hot
1,0.8564,85.6,Hot
1,0.8563,85.6,Hot
0,0.8563,85.6,Hot
1,0.856,85.6,Hot
1,0.8554,85.5,Hot
1,0.8554,85.5,Hot
1,0.8554,85.5,Hot
1,0.8551,85.5,Hot
1,0.8539,85.4,Hot
1,0.8539,85.4,Hot
1,0.8536,85.4,Hot
1,0.8541,85.4,Hot
1,0.8544,85.4,Hot
1,0.8528,85.3,Hot
1,0.8531,85.3,Hot
1,0.8526,85.3,Hot
1,0.8533,85.3,Hot
1,0.8518,85.2,Hot
1,0.8523,85.2,Hot
0,0.8524,85.2,Hot
1,0.8524,85.2,Hot
1,0.8518,85.2,Hot
1,0.8508,85.1,Hot
0,0.851,85.1,Hot
1,0.8512,85.1,Hot
1,0.8513,85.1,Hot
1,0.8508,85.1,Hot
1,0.8505,85.0,Hot
1,0.8505,85.0,Hot
1,0.8486,84.9,Hot
1,0.8487,84.9,Hot
1,0.8491,84.9,Hot
1,0.849,84.9,Hot
1,0.8493,84.9,Hot
1,0.8478,84.8,Hot
1,0.8482,84.8,Hot
1,0.8477,84.8,Hot
1,0.8483,84.8,Hot
1,0.848,84.8,Hot
1,0.8477,84.8,Hot
1,0.8483,84.8,Hot
0,0.8472,84.7,Hot
0,0.8468,84.7,Hot
0,0.8469,84.7,Hot
1,0.8472,84.7,Hot
0,0.8458,84.6,Hot
1,0.8461,84.6,Hot
1,0.8465,84.6,Hot
1,0.8464,84.6,Hot
1,0.8458,84.6,Hot
1,0.8458,84.6,Hot
1,0.8465,84.6,Hot
1,0.8462,84.6,Hot
1,0.8447,84.5,Hot
1,0.8449,84.5,Hot
1,0.8454,84.5,Hot
1,0.8436,84.4,Hot
1,0.8443,84.4,Hot
1,0.8436,84.4,Hot
1,0.8437,84.4,Hot
1,0.8437,84.4,Hot
1,0.844,84.4,Hot
1,0.8433,84.3,Hot
1,0.8431,84.3,Hot
1,0.8432,84.3,Hot
1,0.8428,84.3,Hot
1,0.8427,84.3,Hot
1,0.8433,84.3,Hot
1,0.8423,84.2,Hot
1,0.8423,84.2,Hot
1,0.8416,84.2,Hot
1,0.8422,84.2,Hot
1,0.8425,84.2,Hot
0,0.8414,84.1,Hot
1,0.8412,84.1,Hot
1,0.8409,84.1,Hot
1,0.8406,84.1,Hot
0,0.8412,84.1,Hot
0,0.8398,84.0,Hot
1,0.8399,84.0,Hot
1,0.84,84.0,Hot
1,0.8401,84.0,Hot
1,0.8393,83.9,Hot
1,0.8393,83.9,Hot
1,0.8386,83.9,Hot
1,0.8375,83.8,Hot
1,0.8376,83.8,Hot
1,0.8375,83.8,Hot
1,0.8376,83.8,Hot
1,0.8376,83.8,Hot
1,0.8376,83.8,Hot
1,0.8376,83.8,Hot
1,0.8375,83.8,Hot
1,0.8376,83.8,Hot
1,0.8375,83.8,Hot
1,0.8376,83.8,Hot
1,0.8376,83.8,Hot
1,0.8375,83.8,Hot
1,0.8376,83.8,Hot
1,0.8376,83.8,Hot
1,0.8376,83.8,Hot
1,0.8375,83.8,Hot
1,0.8376,83.8,Hot
1,0.8384,83.8,Hot
1,0.8375,83.8,Hot
1,0.8376,83.8,Hot
0,0.8376,83.8,Hot
1,0.8376,83.8,Hot
1,0.8376,83.8,Hot
1,0.8376,83.8,Hot
1,0.8376,83.8,Hot
1,0.8376,83.8,Hot
1,0.8375,83.8,Hot
1,0.8376,83.8,Hot
1,0.8376,83.8,Hot
1,0.8376,83.8,Hot
1,0.8376,83.8,Hot
1,0.8376,83.8,Hot
1,0.8376,83.8,Hot
1,0.8376,83.8,Hot
1,0.8375,83.8,Hot
1,0.8376,83.8,Hot
1,0.8376,83.8,Hot
1,0.8376,83.8,Hot
1,0.8375,83.8,Hot
1,0.8376,83.8,Hot
1,0.8376,83.8,Hot
1,0.8376,83.8,Hot
1,0.8376,83.8,Hot
1,0.8368,83.7,Hot
1,0.8369,83.7,Hot
1,0.8372,83.7,Hot
0,0.8374,83.7,Hot
1,0.8365,83.7,Hot
0,0.8373,83.7,Hot
1,0.8365,83.7,Hot
1,0.8374,83.7,Hot
1,0.8356,83.6,Hot
1,0.836,83.6,Hot
0,0.8357,83.6,Hot
0,0.8348,83.5,Hot
0,0.8346,83.5,Hot
0,0.8352,83.5,Hot
1,0.8352,83.5,Hot
1,0.8343,83.4,Hot
0,0.8345,83.4,Hot
1,0.8331,83.3,Hot
1,0.8331,83.3,Hot
0,0.833,83.3,Hot
1,0.8316,83.2,Hot
1,0.8321,83.2,Hot
1,0.8318,83.2,Hot
0,0.831,83.1,Hot
1,0.8312,83.1,Hot
1,0.8306,83.1,Hot
1,0.8314,83.1,Hot
0,0.8308,83.1,Hot
1,0.8312,83.1,Hot
1,0.8312,83.1,Hot
1,0.8307,83.1,Hot
1,0.8301,83.0,Hot
0,0.8295,83.0,Hot
1,0.8295,83.0,Hot
1,0.8295,83.0,Hot
1,0.8303,83.0,Hot
1,0.8295,83.0,Hot
0,0.8301,83.0,Hot
1,0.8293,82.9,Hot
0,0.8287,82.9,Hot
1,0.8287,82.9,Hot
1,0.8275,82.8,Hot
1,0.8283,82.8,Hot
1,0.8268,82.7,Hot
0,0.8268,82.7,Hot
1,0.8267,82.7,Hot
1,0.8273,82.7,Hot
1,0.8261,82.6,Hot
1,0.8258,82.6,Hot
1,0.8261,82.6,Hot
1,0.8264,82.6,Hot
1,0.8264,82.6,Hot
0,0.8262,82.6,Hot
0,0.8257,82.6,Hot
1,0.8258,82.6,Hot
1,0.8252,82.5,Hot
1,0.8252,82.5,Hot
0,0.8249,82.5,Hot
1,0.8238,82.4,Hot
1,0.8244,82.4,Hot
1,0.8241,82.4,Hot
1,0.8232,82.3,Hot
0,0.8232,82.3,Hot
1,0.8228,82.3,Hot
0,0.8216,82.2,Hot
0,0.8215,82.2,Hot
1,0.8222,82.2,Hot
1,0.8215,82.2,Hot
1,0.8223,82.2,Hot
0,0.8215,82.2,Hot
1,0.8216,82.2,Hot
1,0.8208,82.1,Hot
0,0.8212,82.1,Hot
1,0.8208,82.1,Hot
1,0.8208,82.1,Hot
1,0.821,82.1,Hot
1,0.8196,82.0,Hot
1,0.8203,82.0,Hot
1,0.8203,82.0,Hot
0,0.8204,82.0,Hot
1,0.8203,82.0,Hot
1,0.8189,81.9,Hot
1,0.8189,81.9,Hot
1,0.8186,81.9,Hot
1,0.8188,81.9,Hot
1,0.8194,81.9,Hot
1,0.8179,81.8,Hot
0,0.8182,81.8,Hot
1,0.8182,81.8,Hot
1,0.8178,81.8,Hot
1,0.8174,81.7,Hot
1,0.8173,81.7,Hot
1,0.8172,81.7,Hot
1,0.8168,81.7,Hot
1,0.8173,81.7,Hot
1,0.8168,81.7,Hot
0,0.8163,81.6,Hot
1,0.8156,81.6,Hot
1,0.8163,81.6,Hot
0,0.8163,81.6,Hot
0,0.8163,81.6,Hot
0,0.8163,81.6,Hot
0,0.816,81.6,Hot
1,0.8148,81.5,Hot
1,0.8155,81.5,Hot
1,0.8149,81.5,Hot
1,0.8152,81.5,Hot
1,0.8145,81.5,Hot
1,0.8151,81.5,Hot
1,0.8155,81.5,Hot
1,0.8142,81.4,Hot
1,0.8135,81.4,Hot
1,0.8136,81.4,Hot
0,0.8142,81.4,Hot
1,0.8136,81.4,Hot
1,0.8142,81.4,Hot
1,0.8139,81.4,Hot
1,0.8139,81.4,Hot
1,0.8135,81.3,Hot
1,0.8127,81.3,Hot
1,0.8128,81.3,Hot
0,0.8133,81.3,Hot
1,0.813,81.3,Hot
1,0.8133,81.3,Hot
1,0.8121,81.2,Hot
1,0.8121,81.2,Hot
1,0.8121,81.2,Hot
1,0.8107,81.1,Hot
1,0.8107,81.1,Hot
1,0.8106,81.1,Hot
0,0.8115,81.1,Hot
0,0.8108,81.1,Hot
1,0.8112,81.1,Hot
1,0.8112,81.1,Hot
0,0.8114,81.1,Hot
0,0.8096,81.0,Hot
1,0.8103,81.0,Hot
0,0.81,81.0,Hot
1,0.8093,80.9,Hot
1,0.8088,80.9,Hot
1,0.8089,80.9,Hot
1,0.8084,80.8,Hot
0,0.808,80.8,Hot
1,0.8084,80.8,Hot
1,0.8081,80.8,Hot
1,0.808,80.8,Hot
1,0.808,80.8,Hot
1,0.8065,80.7,Hot
0,0.8065,80.7,Hot
0,0.8071,80.7,Hot
1,0.8075,80.7,Hot
1,0.8075,80.7,Hot
1,0.8063,80.6,Hot
0,0.8058,80.6,Hot
1,0.8058,80.6,Hot
0,0.8061,80.6,Hot
1,0.8048,80.5,Hot
1,0.8046,80.5,Hot
1,0.8055,80.5,Hot
1,0.8046,80.5,Hot
1,0.8051,80.5,Hot
1,0.8046,80.5,Hot
1,0.8039,80.4,Hot
1,0.8038,80.4,Hot
1,0.8043,80.4,Hot
0,0.8039,80.4,Hot
1,0.8037,80.4,Hot
0,0.8039,80.4,Hot
1,0.8019,80.2,Hot
1,0.8018,80.2,Hot
1,0.8017,80.2,Hot
1,0.8023,80.2,Hot
1,0.8008,80.1,Hot
1,0.7997,80.0,Hot
1,0.8005,80.0,Hot
1,0.8001,80.0,Hot
1,0.8,80.0,Hot
1,0.8002,80.0,Hot
1,0.7995,80.0,Hot
1,0.7994,79.9,Hot
1,0.7987,79.9,Hot
1,0.7995,79.9,Hot
1,0.7989,79.9,Hot
1,0.7986,79.9,Hot
1,0.7994,79.9,Hot
0,0.7986,79.9,Hot
1,0.7979,79.8,Hot
1,0.7981,79.8,Hot
0,0.7968,79.7,Hot
1,0.7966,79.7,Hot
1,0.7966,79.7,Hot
1,0.7961,79.6,Hot
1,0.7952,79.5,Hot
0,0.7954,79.5,Hot
1,0.7953,79.5,Hot
1,0.7952,79.5,Hot
0,0.7949,79.5,Hot
1,0.7953,79.5,Hot
1,0.7937,79.4,Hot
1,0.7939,79.4,Hot
0,0.7927,79.3,Hot
1,0.7933,79.3,Hot
1,0.7933,79.3,Hot
1,0.7924,79.2,Hot
1,0.7917,79.2,Hot
1,0.7912,79.1,Hot
0,0.7897,79.0,Hot
1,0.7896,79.0,Hot
0,0.7897,79.0,Hot
1,0.7897,79.0,Hot
1,0.7899,79.0,Hot
0,0.7887,78.9,Hot
1,0.7885,78.9,Hot
1,0.7894,78.9,Hot
1,0.7887,78.9,Hot
1,0.7875,78.8,Hot
1,0.7879,78.8,Hot
0,0.7883,78.8,Hot
1,0.7879,78.8,Hot
1,0.7881,78.8,Hot
0,0.7875,78.8,Hot
0,0.788,78.8,Hot
1,0.7879,78.8,Hot
1,0.7873,78.7,Hot
0,0.7867,78.7,Hot
1,0.7873,78.7,Hot
1,0.7856,78.6,Hot
1,0.7859,78.6,Hot
1,0.7856,78.6,Hot
1,0.7859,78.6,Hot
1,0.7863,78.6,Hot
1,0.7855,78.6,Hot
0,0.7863,78.6,Hot
1,0.7864,78.6,Hot
1,0.7863,78.6,Hot
1,0.7853,78.5,Hot
0,0.7854,78.5,Hot
1,0.7855,78.5,Hot
0,0.7854,78.5,Hot
1,0.7836,78.4,Hot
1,0.7838,78.4,Hot
1,0.7825,78.3,Hot
1,0.7834,78.3,Hot
1,0.7826,78.3,Hot
0,0.7835,78.3,Hot
1,0.7821,78.2,Hot
1,0.7822,78.2,Hot
1,0.7817,78.2,Hot
1,0.7819,78.2,Hot
1,0.7809,78.1,Hot
0,0.781,78.1,Hot
1,0.7814,78.1,Hot
1,0.7814,78.1,Hot
0,0.7808,78.1,Hot
1,0.7811,78.1,Hot
0,0.7808,78.1,Hot
1,0.7814,78.1,Hot
1,0.7814,78.1,Hot
1,0.7803,78.0,Hot
0,0.7801,78.0,Hot
1,0.7804,78.0,Hot
0,0.7804,78.0,Hot
0,0.7796,78.0,Hot
1,0.7802,78.0,Hot
0,0.7794,77.9,Hot
1,0.7791,77.9,Hot
1,0.7791,77.9,Hot
1,0.7783,77.8,Hot
0,0.7777,77.8,Hot
1,0.7781,77.8,Hot
1,0.7784,77.8,Hot
0,0.7781,77.8,Hot
1,0.7783,77.8,Hot
1,0.7773,77.7,Hot
1,0.7767,77.7,Hot
1,0.7767,77.7,Hot
1,0.7767,77.7,Hot
0,0.7767,77.7,Hot
1,0.7773,77.7,Hot
1,0.7767,77.7,Hot
1,0.7767,77.7,Hot
1,0.7767,77.7,Hot
1,0.7767,77.7,Hot
1,0.7767,77.7,Hot
0,0.7769,77.7,Hot
1,0.7767,77.7,Hot
1,0.7767,77.7,Hot
1,0.7767,77.7,Hot
1,0.7767,77.7,Hot
1,0.7765,77.6,Hot
1,0.7762,77.6,Hot
1,0.7759,77.6,Hot
0,0.7755,77.6,Hot
1,0.7759,77.6,Hot
1,0.776,77.6,Hot
1,0.7749,77.5,Hot
0,0.7748,77.5,Hot
0,0.7751,77.5,Hot
1,0.7753,77.5,Hot
0,0.7752,77.5,Hot
1,0.7752,77.5,Hot
1,0.7752,77.5,Hot
0,0.7749,77.5,Hot
1,0.7749,77.5,Hot
1,0.7752,77.5,Hot
1,0.7736,77.4,Hot
1,0.7745,77.4,Hot
0,0.7743,77.4,Hot
1,0.7739,77.4,Hot
1,0.7737,77.4,Hot
0,0.7729,77.3,Hot
1,0.7727,77.3,Hot
1,0.7732,77.3,Hot
1,0.7716,77.2,Hot
1,0.7718,77.2,Hot
0,0.772,77.2,Hot
1,0.7721,77.2,Hot
0,0.7724,77.2,Hot
0,0.7714,77.1,Hot
1,0.7695,77.0,Hot
1,0.7696,77.0,Hot
1,0.7697,77.0,Hot
1,0.7693,76.9,Hot
1,0.7689,76.9,Hot
0,0.7689,76.9,Hot
0,0.769,76.9,Hot
1,0.7693,76.9,Hot
0,0.7681,76.8,Hot
1,0.7675,76.8,Hot
1,0.7685,76.8,Hot
1,0.767,76.7,Hot
1,0.7673,76.7,Hot
0,0.7668,76.7,Hot
0,0.7659,76.6,Hot
0,0.7656,76.6,Hot
1,0.7665,76.6,Hot
1,0.7658,76.6,Hot
1,0.7663,76.6,Hot
0,0.7661,76.6,Hot
1,0.7653,76.5,Hot
1,0.7653,76.5,Hot
1,0.7646,76.5,Hot
1,0.7638,76.4,Hot
0,0.7641,76.4,Hot
0,0.7641,76.4,Hot
0,0.7636,76.4,Hot
1,0.7627,76.3,Hot
1,0.7628,76.3,Hot
1,0.7625,76.3,Hot
1,0.7631,76.3,Hot
0,0.761,76.1,Hot
1,0.76,76.0,Hot
1,0.7595,76.0,Hot
1,0.7596,76.0,Hot
0,0.7597,76.0,Hot
0,0.7598,76.0,Hot
1,0.7595,76.0,Hot
1,0.7594,75.9,Hot
0,0.759,75.9,Hot
0,0.7587,75.9,Hot
1,0.7587,75.9,Hot
0,0.759,75.9,Hot
1,0.7594,75.9,Hot
1,0.7577,75.8,Hot
1,0.7566,75.7,Hot
1,0.7573,75.7,Hot
1,0.7566,75.7,Hot
0,0.757,75.7,Hot
1,0.7557,75.6,Hot
0,0.7558,75.6,Hot
0,0.7556,75.6,Hot
1,0.7554,75.5,Hot
1,0.7551,75.5,Hot
0,0.755,75.5,Hot
1,0.7552,75.5,Hot
1,0.7538,75.4,Hot
0,0.7543,75.4,Hot
1,0.7535,75.4,Hot
1,0.7545,75.4,Hot
1,0.7535,75.4,Hot
1,0.7535,75.3,Hot
1,0.7532,75.3,Hot
1,0.752,75.2,Hot
1,0.7517,75.2,Hot
1,0.7521,75.2,Hot
1,0.7521,75.2,Hot
1,0.7524,75.2,Hot
1,0.7506,75.1,Hot
1,0.7506,75.1,Hot
1,0.7512,75.1,Hot
0,0.7513,75.1,Hot
1,0.7509,75.1,Hot
0,0.7513,75.1,Hot
1,0.7496,75.0,Hot
0,0.7499,75.0,Hot
1,0.7497,75.0,Hot
1,0.7502,75.0,Hot
1,0.7501,75.0,Hot
1,0.7504,75.0,Hot
1,0.7497,75.0,Hot
1,0.7502,75.0,Hot
1,0.7498,75.0,Hot
1,0.7486,74.9,Hot
1,0.7487,74.9,Hot
1,0.7492,74.9,Hot
0,0.7487,74.9,Hot
1,0.7477,74.8,Hot
0,0.7476,74.8,Hot
1,0.748,74.8,Hot
0,0.7479,74.8,Hot
0,0.7481,74.8,Hot
1,0.7467,74.7,Hot
1,0.7456,74.6,Hot
1,0.7462,74.6,Hot
1,0.7461,74.6,Hot
0,0.7453,74.5,Hot
1,0.7444,74.4,Hot
0,0.7439,74.4,Hot
1,0.7441,74.4,Hot
0,0.7438,74.4,Hot
1,0.7437,74.4,Hot
0,0.7436,74.4,Hot
1,0.7441,74.4,Hot
1,0.7445,74.4,Hot
1,0.7438,74.4,Hot
1,0.7444,74.4,Hot
1,0.7432,74.3,Hot
1,0.7426,74.3,Hot
1,0.7434,74.3,Hot
1,0.7429,74.3,Hot
0,0.7427,74.3,Hot
1,0.7418,74.2,Hot
1,0.7418,74.2,Hot
0,0.7418,74.2,Hot
1,0.7421,74.2,Hot
1,0.7409,74.1,Hot
1,0.7412,74.1,Hot
1,0.7406,74.1,Hot
0,0.7413,74.1,Hot
1,0.7406,74.1,Hot
1,0.7407,74.1,Hot
1,0.7395,74.0,Hot
0,0.7401,74.0,Hot
1,0.7403,74.0,Hot
0,0.7397,74.0,Hot
1,0.7394,73.9,Hot
1,0.7395,73.9,Hot
0,0.739,73.9,Hot
1,0.7386,73.9,Hot
1,0.7391,73.9,Hot
1,0.7391,73.9,Hot
1,0.7394,73.9,Hot
1,0.739,73.9,Hot
1,0.7382,73.8,Hot
0,0.7379,73.8,Hot
0,0.7368,73.7,Hot
0,0.7374,73.7,Hot
1,0.7369,73.7,Hot
1,0.7356,73.6,Hot
1,0.7363,73.6,Hot
1,0.736,73.6,Hot
1,0.736,73.6,Hot
0,0.7361,73.6,Hot
1,0.736,73.6,Hot
1,0.736,73.6,Hot
1,0.7349,73.5,Hot
1,0.7352,73.5,Hot
0,0.735,73.5,Hot
1,0.7347,73.5,Hot
1,0.7339,73.4,Hot
0,0.734,73.4,Hot
1,0.7331,73.3,Hot
1,0.7329,73.3,Hot
1,0.7331,73.3,Hot
1,0.7325,73.2,Hot
1,0.7317,73.2,Hot
0,0.7324,73.2,Hot
1,0.7321,73.2,Hot
1,0.7318,73.2,Hot
1,0.7314,73.1,Hot
0,0.7311,73.1,Hot
1,0.7297,73.0,Hot
1,0.7301,73.0,Hot
1,0.7297,73.0,Hot
0,0.7304,73.0,Hot
1,0.7292,72.9,Hot
1,0.7284,72.8,Hot
1,0.7281,72.8,Hot
1,0.7276,72.8,Hot
1,0.7276,72.8,Hot
1,0.7277,72.8,Hot
1,0.7281,72.8,Hot
0,0.7281,72.8,Hot
1,0.7273,72.7,Hot
1,0.7269,72.7,Hot
1,0.7264,72.6,Hot
0,0.7264,72.6,Hot
0,0.7255,72.6,Hot
1,0.7253,72.5,Hot
1,0.7253,72.5,Hot
0,0.7253,72.5,Hot
1,0.7249,72.5,Hot
1,0.7253,72.5,Hot
1,0.7253,72.5,Hot
0,0.7253,72.5,Hot
1,0.7253,72.5,Hot
1,0.7253,72.5,Hot
1,0.7253,72.5,Hot
1,0.7253,72.5,Hot
1,0.7253,72.5,Hot
0,0.7253,72.5,Hot
0,0.7253,72.5,Hot
1,0.7253,72.5,Hot
1,0.7253,72.5,Hot
1,0.7253,72.5,Hot
1,0.7253,72.5,Hot
1,0.7253,72.5,Hot
0,0.7253,72.5,Hot
1,0.7253,72.5,Hot
0,0.7253,72.5,Hot
1,0.7253,72.5,Hot
1,0.7253,72.5,Hot
1,0.7253,72.5,Hot
1,0.7253,72.5,Hot
1,0.7253,72.5,Hot
1,0.7253,72.5,Hot
1,0.7253,72.5,Hot
0,0.7249,72.5,Hot
0,0.7246,72.5,Hot
1,0.7253,72.5,Hot
1,0.7253,72.5,Hot
1,0.7253,72.5,Hot
1,0.724,72.4,Hot
1,0.7238,72.4,Hot
1,0.724,72.4,Hot
0,0.7236,72.4,Hot
1,0.7241,72.4,Hot
1,0.7219,72.2,Hot
1,0.7219,72.2,Hot
1,0.7219,72.2,Hot
0,0.7219,72.2,Hot
1,0.7219,72.2,Hot
1,0.7219,72.2,Hot
1,0.7219,72.2,Hot
1,0.7219,72.2,Hot
1,0.7221,72.2,Hot
1,0.7219,72.2,Hot
1,0.7219,72.2,Hot
1,0.7219,72.2,Hot
0,0.7219,72.2,Hot
0,0.7211,72.1,Hot
1,0.7209,72.1,Hot
0,0.7208,72.1,Hot
1,0.7207,72.1,Hot
1,0.721,72.1,Hot
1,0.7196,72.0,Hot
0,0.7198,72.0,Hot
1,0.7201,72.0,Hot
1,0.7197,72.0,Hot
1,0.7188,71.9,Hot
0,0.719,71.9,Hot
0,0.7192,71.9,Hot
1,0.7184,71.8,Hot
1,0.7179,71.8,Hot
1,0.717,71.7,Hot
0,0.7169,71.7,Hot
0,0.7156,71.6,Hot
0,0.7156,71.6,Hot
1,0.7159,71.6,Hot
1,0.7163,71.6,Hot
1,0.7147,71.5,Hot
1,0.7152,71.5,Hot
1,0.7152,71.5,Hot
1,0.7143,71.4,Hot
1,0.7143,71.4,Hot
0,0.7141,71.4,Hot
0,0.7132,71.3,Hot
1,0.713,71.3,Hot
1,0.7134,71.3,Hot
1,0.713,71.3,Hot
1,0.7119,71.2,Hot
1,0.7123,71.2,Hot
1,0.7113,71.1,Hot
0,0.7115,71.1,Hot
1,0.7109,71.1,Hot
0,0.7097,71.0,Hot
1,0.7097,71.0,Hot
1,0.7103,71.0,Hot
0,0.7104,71.0,Hot
1,0.7094,70.9,Hot
0,0.7093,70.9,Hot
0,0.7093,70.9,Hot
1,0.708,70.8,Hot
1,0.708,70.8,Hot
1,0.7081,70.8,Hot
0,0.7085,70.8,Hot
1,0.7076,70.8,Hot
0,0.7077,70.8,Hot
1,0.708,70.8,Hot
0,0.7066,70.7,Hot
1,0.7067,70.7,Hot
1,0.7072,70.7,Hot
1,0.7072,70.7,Hot
0,0.7065,70.7,Hot
0,0.7057,70.6,Hot
1,0.7049,70.5,Hot
0,0.7044,70.4,Hot
1,0.704,70.4,Hot
1,0.7043,70.4,Hot
1,0.7035,70.3,Hot
0,0.7032,70.3,Hot
1,0.7035,70.3,Hot
1,0.7026,70.3,Hot
1,0.7035,70.3,Hot
1,0.7016,70.2,Hot
0,0.7021,70.2,Hot
0,0.7005,70.1,Hot
1,0.7015,70.1,Hot
0,0.7015,70.1,Hot
0,0.7,70.0,Hot
1,0.6999,70.0,Hot
1,0.7002,70.0,Hot
1,0.6993,69.9,Warm
0,0.6987,69.9,Warm
1,0.6987,69.9,Warm
1,0.6977,69.8,Warm
1,0.6985,69.8,Warm
1,0.6981,69.8,Warm
1,0.6977,69.8,Warm
0,0.6967,69.7,Warm
1,0.6972,69.7,Warm
0,0.6963,69.6,Warm
1,0.6964,69.6,Warm
0,0.6956,69.6,Warm
1,0.6951,69.5,Warm
1,0.6949,69.5,Warm
1,0.6945,69.5,Warm
1,0.6941,69.4,Warm
0,0.6944,69.4,Warm
1,0.6939,69.4,Warm
0,0.6944,69.4,Warm
1,0.6937,69.4,Warm
1,0.6942,69.4,Warm
1,0.6943,69.4,Warm
1,0.6945,69.4,Warm
1,0.6933,69.3,Warm
1,0.6933,69.3,Warm
1,0.6934,69.3,Warm
1,0.6926,69.3,Warm
0,0.6929,69.3,Warm
1,0.6929,69.3,Warm
1,0.6934,69.3,Warm
1,0.6931,69.3,Warm
0,0.6924,69.2,Warm
0,0.6924,69.2,Warm
1,0.6916,69.2,Warm
1,0.6918,69.2,Warm
0,0.6906,69.1,Warm
0,0.6909,69.1,Warm
0,0.6906,69.1,Warm
1,0.6907,69.1,Warm
1,0.6913,69.1,Warm
0,0.6907,69.1,Warm
1,0.69,69.0,Warm
1,0.6892,68.9,Warm
0,0.6894,68.9,Warm
1,0.6891,68.9,Warm
1,0.6877,68.8,Warm
0,0.6875,68.8,Warm
1,0.6883,68.8,Warm
0,0.6871,68.7,Warm
1,0.6874,68.7,Warm
1,0.6864,68.6,Warm
1,0.6848,68.5,Warm
0,0.6848,68.5,Warm
0,0.6851,68.5,Warm
1,0.6849,68.5,Warm
1,0.6847,68.5,Warm
0,0.6839,68.4,Warm
1,0.6838,68.4,Warm
0,0.6842,68.4,Warm
1,0.684,68.4,Warm
1,0.6842,68.4,Warm
1,0.6841,68.4,Warm
1,0.6831,68.3,Warm
1,0.6825,68.3,Warm
1,0.682,68.2,Warm
1,0.6816,68.2,Warm
1,0.6817,68.2,Warm
0,0.6816,68.2,Warm
1,0.6822,68.2,Warm
1,0.6816,68.2,Warm
0,0.6797,68.0,Warm
1,0.6799,68.0,Warm
0,0.6801,68.0,Warm
0,0.6803,68.0,Warm
1,0.6801,68.0,Warm
1,0.6794,67.9,Warm
0,0.679,67.9,Warm
1,0.6794,67.9,Warm
1,0.6788,67.9,Warm
0,0.679,67.9,Warm
1,0.6778,67.8,Warm
1,0.6778,67.8,Warm
0,0.678,67.8,Warm
1,0.6783,67.8,Warm
1,0.6783,67.8,Warm
1,0.6778,67.8,Warm
1,0.6781,67.8,Warm
1,0.6766,67.7,Warm
1,0.6771,67.7,Warm
1,0.6768,67.7,Warm
1,0.6759,67.6,Warm
1,0.6763,67.6,Warm
0,0.6764,67.6,Warm
0,0.676,67.6,Warm
1,0.6759,67.6,Warm
0,0.6751,67.5,Warm
0,0.6755,67.5,Warm
1,0.6746,67.5,Warm
1,0.6748,67.5,Warm
1,0.6755,67.5,Warm
1,0.6749,67.5,Warm
1,0.6743,67.4,Warm
1,0.6742,67.4,Warm
1,0.6742,67.4,Warm
1,0.6728,67.3,Warm
1,0.673,67.3,Warm
1,0.6729,67.3,Warm
0,0.6734,67.3,Warm
0,0.6715,67.2,Warm
1,0.672,67.2,Warm
0,0.6706,67.1,Warm
1,0.6709,67.1,Warm
0,0.6707,67.1,Warm
1,0.6706,67.1,Warm
1,0.6696,67.0,Warm
1,0.6702,67.0,Warm
1,0.6696,67.0,Warm
1,0.6693,66.9,Warm
1,0.6686,66.9,Warm
0,0.6675,66.8,Warm
1,0.668,66.8,Warm
1,0.6676,66.8,Warm
1,0.6676,66.8,Warm
1,0.6675,66.8,Warm
0,0.668,66.8,Warm
1,0.6684,66.8,Warm
0,0.6668,66.7,Warm
0,0.6668,66.7,Warm
1,0.6672,66.7,Warm
1,0.6668,66.7,Warm
1,0.6666,66.7,Warm
0,0.6671,66.7,Warm
1,0.6656,66.6,Warm
1,0.6653,66.5,Warm
1,0.6645,66.5,Warm
1,0.6651,66.5,Warm
1,0.6645,66.5,Warm
0,0.6644,66.4,Warm
1,0.6643,66.4,Warm
1,0.6644,66.4,Warm
1,0.6642,66.4,Warm
1,0.6635,66.3,Warm
1,0.663,66.3,Warm
1,0.6621,66.2,Warm
0,0.6624,66.2,Warm
0,0.6624,66.2,Warm
1,0.661,66.1,Warm
1,0.661,66.1,Warm
0,0.6608,66.1,Warm
1,0.6603,66.0,Warm
1,0.6597,66.0,Warm
0,0.6603,66.0,Warm
0,0.6599,66.0,Warm
1,0.6594,65.9,Warm
0,0.6589,65.9,Warm
0,0.6576,65.8,Warm
0,0.6583,65.8,Warm
0,0.6577,65.8,Warm
1,0.6582,65.8,Warm
0,0.6569,65.7,Warm
0,0.6569,65.7,Warm
1,0.6573,65.7,Warm
1,0.656,65.6,Warm
0,0.6554,65.5,Warm
1,0.6549,65.5,Warm
1,0.6549,65.5,Warm
1,0.6546,65.5,Warm
1,0.6546,65.5,Warm
1,0.6544,65.4,Warm
1,0.6541,65.4,Warm
1,0.6544,65.4,Warm
0,0.6531,65.3,Warm
1,0.6527,65.3,Warm
1,0.6531,65.3,Warm
1,0.6528,65.3,Warm
1,0.6518,65.2,Warm
1,0.6524,65.2,Warm
0,0.6522,65.2,Warm
1,0.6516,65.2,Warm
0,0.652,65.2,Warm
1,0.6507,65.1,Warm
1,0.6513,65.1,Warm
1,0.6513,65.1,Warm
1,0.6514,65.1,Warm
0,0.6508,65.1,Warm
1,0.6503,65.0,Warm
1,0.6498,65.0,Warm
1,0.6496,65.0,Warm
1,0.6499,65.0,Warm
0,0.6492,64.9,Warm
1,0.6488,64.9,Warm
1,0.6485,64.9,Warm
1,0.6485,64.9,Warm
0,0.6478,64.8,Warm
1,0.6485,64.8,Warm
0,0.6476,64.8,Warm
1,0.6471,64.7,Warm
1,0.6462,64.6,Warm
1,0.6457,64.6,Warm
0,0.6465,64.6,Warm
1,0.6452,64.5,Warm
1,0.6448,64.5,Warm
1,0.645,64.5,Warm
0,0.6445,64.5,Warm
1,0.6445,64.5,Warm
0,0.6446,64.5,Warm
1,0.6453,64.5,Warm
1,0.6448,64.5,Warm
1,0.6448,64.5,Warm
0,0.6436,64.4,Warm
1,0.6444,64.4,Warm
1,0.643,64.3,Warm
1,0.6425,64.3,Warm
0,0.6425,64.3,Warm
1,0.6421,64.2,Warm
1,0.6418,64.2,Warm
1,0.6423,64.2,Warm
1,0.6421,64.2,Warm
1,0.6418,64.2,Warm
1,0.6423,64.2,Warm
1,0.6422,64.2,Warm
1,0.6411,64.1,Warm
0,0.6407,64.1,Warm
0,0.6408,64.1,Warm
1,0.6397,64.0,Warm
1,0.6398,64.0,Warm
1,0.6393,63.9,Warm
1,0.6389,63.9,Warm
0,0.6389,63.9,Warm
1,0.6388,63.9,Warm
1,0.6385,63.9,Warm
0,0.6384,63.8,Warm
1,0.6384,63.8,Warm
0,0.6377,63.8,Warm
1,0.6376,63.8,Warm
0,0.638,63.8,Warm
0,0.6378,63.8,Warm
0,0.6373,63.7,Warm
1,0.636,63.6,Warm
1,0.6358,63.6,Warm
1,0.6356,63.6,Warm
0,0.6359,63.6,Warm
1,0.6351,63.5,Warm
1,0.6354,63.5,Warm
1,0.6344,63.4,Warm
1,0.6343,63.4,Warm
0,0.6335,63.4,Warm
0,0.6343,63.4,Warm
0,0.6329,63.3,Warm
1,0.6318,63.2,Warm
1,0.6318,63.2,Warm
1,0.6315,63.2,Warm
1,0.6314,63.1,Warm
1,0.6313,63.1,Warm
1,0.6306,63.1,Warm
1,0.6304,63.0,Warm
1,0.6303,63.0,Warm
1,0.6301,63.0,Warm
0,0.6302,63.0,Warm
1,0.6302,63.0,Warm
1,0.6299,63.0,Warm
1,0.6286,62.9,Warm
0,0.6285,62.9,Warm
1,0.629,62.9,Warm
1,0.6286,62.9,Warm
1,0.6276,62.8,Warm
0,0.6276,62.8,Warm
1,0.6276,62.8,Warm
1,0.6284,62.8,Warm
1,0.6268,62.7,Warm
1,0.627,62.7,Warm
1,0.6267,62.7,Warm
1,0.6258,62.6,Warm
1,0.6249,62.5,Warm
1,0.6249,62.5,Warm
0,0.6236,62.4,Warm
1,0.6236,62.4,Warm
1,0.6236,62.4,Warm
1,0.6236,62.4,Warm
1,0.6236,62.4,Warm
1,0.6236,62.4,Warm
1,0.6236,62.4,Warm
0,0.6236,62.4,Warm
1,0.6236,62.4,Warm
0,0.6236,62.4,Warm
1,0.6236,62.4,Warm
0,0.6236,62.4,Warm
1,0.6236,62.4,Warm
0,0.6236,62.4,Warm
1,0.6236,62.4,Warm
1,0.6235,62.4,Warm
1,0.6236,62.4,Warm
1,0.6236,62.4,Warm
1,0.6236,62.4,Warm
1,0.6236,62.4,Warm
1,0.6236,62.4,Warm
1,0.6236,62.4,Warm
1,0.6236,62.4,Warm
1,0.6236,62.4,Warm
1,0.6236,62.4,Warm
0,0.6236,62.4,Warm
1,0.6235,62.4,Warm
1,0.6236,62.4,Warm
1,0.6236,62.4,Warm
1,0.6236,62.4,Warm
1,0.6236,62.4,Warm
0,0.6236,62.4,Warm
1,0.6236,62.4,Warm
1,0.6236,62.4,Warm
0,0.6236,62.4,Warm
1,0.6236,62.4,Warm
1,0.6236,62.4,Warm
1,0.6236,62.4,Warm
0,0.6236,62.4,Warm
1,0.6236,62.4,Warm
1,0.6236,62.4,Warm
1,0.6236,62.4,Warm
0,0.6236,62.4,Warm
1,0.6236,62.4,Warm
0,0.6236,62.4,Warm
1,0.6236,62.4,Warm
1,0.6236,62.4,Warm
1,0.6236,62.4,Warm
1,0.6236,62.4,Warm
1,0.6235,62.4,Warm
1,0.6236,62.4,Warm
0,0.6236,62.4,Warm
1,0.6236,62.4,Warm
1,0.6236,62.4,Warm
1,0.6236,62.4,Warm
1,0.6236,62.4,Warm
0,0.6236,62.4,Warm
1,0.6236,62.4,Warm
0,0.6236,62.4,Warm
0,0.6236,62.4,Warm
1,0.6236,62.4,Warm
1,0.6236,62.4,Warm
1,0.6236,62.4,Warm
1,0.6236,62.4,Warm
1,0.6236,62.4,Warm
0,0.6236,62.4,Warm
1,0.6236,62.4,Warm
1,0.6236,62.4,Warm
0,0.6236,62.4,Warm
1,0.6236,62.4,Warm
1,0.6236,62.4,Warm
0,0.6236,62.4,Warm
0,0.6236,62.4,Warm
1,0.6236,62.4,Warm
1,0.6236,62.4,Warm
0,0.6236,62.4,Warm
1,0.6236,62.4,Warm
1,0.6236,62.4,Warm
1,0.6236,62.4,Warm
1,0.6236,62.4,Warm
1,0.6236,62.4,Warm
1,0.6236,62.4,Warm
1,0.6236,62.4,Warm
1,0.6236,62.4,Warm
0,0.6236,62.4,Warm
1,0.6236,62.4,Warm
1,0.6236,62.4,Warm
1,0.6236,62.4,Warm
1,0.6236,62.4,Warm
1,0.6236,62.4,Warm
0,0.6236,62.4,Warm
1,0.6236,62.4,Warm
0,0.6236,62.4,Warm
1,0.6236,62.4,Warm
1,0.6236,62.4,Warm
0,0.6236,62.4,Warm
0,0.6236,62.4,Warm
0,0.6236,62.4,Warm
0,0.6236,62.4,Warm
1,0.6236,62.4,Warm
1,0.6236,62.4,Warm
1,0.6236,62.4,Warm
1,0.6236,62.4,Warm
0,0.6236,62.4,Warm
1,0.6236,62.4,Warm
0,0.6236,62.4,Warm
1,0.6236,62.4,Warm
1,0.6236,62.4,Warm
1,0.6236,62.4,Warm
1,0.6236,62.4,Warm
0,0.6236,62.4,Warm
1,0.6236,62.4,Warm
1,0.6236,62.4,Warm
0,0.6236,62.4,Warm
0,0.6236,62.4,Warm
0,0.6243,62.4,Warm
0,0.6236,62.4,Warm
1,0.6236,62.4,Warm
1,0.6236,62.4,Warm
0,0.6236,62.4,Warm
0,0.6236,62.4,Warm
0,0.6236,62.4,Warm
0,0.6236,62.4,Warm
1,0.6236,62.4,Warm
1,0.6236,62.4,Warm
1,0.6236,62.4,Warm
1,0.6236,62.4,Warm
1,0.6236,62.4,Warm
1,0.6236,62.4,Warm
1,0.6236,62.4,Warm
1,0.6236,62.4,Warm
1,0.6236,62.4,Warm
1,0.6236,62.4,Warm
1,0.6236,62.4,Warm
1,0.6236,62.4,Warm
1,0.6236,62.4,Warm
1,0.6236,62.4,Warm
1,0.6236,62.4,Warm
1,0.6232,62.3,Warm
1,0.6235,62.3,Warm
1,0.6232,62.3,Warm
1,0.622,62.2,Warm
1,0.6224,62.2,Warm
0,0.6212,62.1,Warm
0,0.6212,62.1,Warm
1,0.6205,62.1,Warm
1,0.621,62.1,Warm
1,0.6196,62.0,Warm
1,0.6202,62.0,Warm
0,0.6195,62.0,Warm
0,0.619,61.9,Warm
1,0.6186,61.9,Warm
1,0.6186,61.9,Warm
1,0.6186,61.9,Warm
1,0.6186,61.9,Warm
1,0.6186,61.9,Warm
0,0.6176,61.8,Warm
1,0.6184,61.8,Warm
1,0.6177,61.8,Warm
1,0.6177,61.8,Warm
1,0.6173,61.7,Warm
1,0.6169,61.7,Warm
0,0.6167,61.7,Warm
0,0.6169,61.7,Warm
0,0.6167,61.7,Warm
1,0.6157,61.6,Warm
0,0.6164,61.6,Warm
1,0.6151,61.5,Warm
1,0.6146,61.5,Warm
1,0.6155,61.5,Warm
1,0.6145,61.5,Warm
0,0.6145,61.5,Warm
1,0.6136,61.4,Warm
1,0.6137,61.4,Warm
0,0.6134,61.3,Warm
0,0.6134,61.3,Warm
1,0.6117,61.2,Warm
1,0.6117,61.2,Warm
0,0.6118,61.2,Warm
0,0.6116,61.2,Warm
1,0.6125,61.2,Warm
0,0.6121,61.2,Warm
1,0.6117,61.2,Warm
1,0.6125,61.2,Warm
1,0.6118,61.2,Warm
1,0.6121,61.2,Warm
1,0.6112,61.1,Warm
1,0.6114,61.1,Warm
1,0.6107,61.1,Warm
1,0.6112,61.1,Warm
1,0.6115,61.1,Warm
1,0.6102,61.0,Warm
0,0.6097,61.0,Warm
1,0.6086,60.9,Warm
0,0.6093,60.9,Warm
1,0.6086,60.9,Warm
0,0.6094,60.9,Warm
1,0.6094,60.9,Warm
1,0.6078,60.8,Warm
1,0.6077,60.8,Warm
1,0.6078,60.8,Warm
0,0.6085,60.8,Warm
0,0.6067,60.7,Warm
0,0.607,60.7,Warm
1,0.6072,60.7,Warm
1,0.6073,60.7,Warm
1,0.6075,60.7,Warm
1,0.6069,60.7,Warm
0,0.6062,60.6,Warm
0,0.6059,60.6,Warm
1,0.6051,60.5,Warm
0,0.6047,60.5,Warm
0,0.6053,60.5,Warm
0,0.6052,60.5,Warm
1,0.6046,60.5,Warm
0,0.6048,60.5,Warm
1,0.6048,60.5,Warm
0,0.6039,60.4,Warm
0,0.6035,60.4,Warm
1,0.6035,60.4,Warm
0,0.6031,60.3,Warm
1,0.602,60.2,Warm
1,0.6016,60.2,Warm
1,0.6022,60.2,Warm
0,0.6021,60.2,Warm
0,0.6006,60.1,Warm
1,0.6014,60.1,Warm
1,0.6009,60.1,Warm
0,0.6006,60.1,Warm
1,0.6,60.0,Warm
1,0.5998,60.0,Warm
1,0.6003,60.0,Warm
0,0.6,60.0,Warm
1,0.599,59.9,Warm
1,0.5985,59.9,Warm
1,0.5985,59.9,Warm
0,0.5981,59.8,Warm
0,0.5977,59.8,Warm
1,0.5985,59.8,Warm
1,0.5966,59.7,Warm
1,0.5967,59.7,Warm
1,0.5966,59.7,Warm
0,0.5966,59.7,Warm
1,0.5961,59.6,Warm
1,0.5951,59.5,Warm
0,0.5949,59.5,Warm
1,0.5941,59.4,Warm
1,0.5943,59.4,Warm
0,0.5935,59.4,Warm
1,0.5932,59.3,Warm
1,0.5934,59.3,Warm
1,0.5921,59.2,Warm
0,0.5921,59.2,Warm
0,0.5917,59.2,Warm
1,0.5917,59.2,Warm
1,0.5921,59.2,Warm
1,0.5922,59.2,Warm
0,0.5908,59.1,Warm
1,0.5908,59.1,Warm
0,0.5907,59.1,Warm
0,0.5913,59.1,Warm
0,0.5908,59.1,Warm
1,0.5913,59.1,Warm
0,0.5901,59.0,Warm
1,0.5896,59.0,Warm
1,0.59,59.0,Warm
1,0.5897,59.0,Warm
1,0.5897,59.0,Warm
0,0.589,58.9,Warm
1,0.5889,58.9,Warm
0,0.5894,58.9,Warm
0,0.5885,58.9,Warm
1,0.5878,58.8,Warm
1,0.5883,58.8,Warm
1,0.588,58.8,Warm
1,0.5878,58.8,Warm
1,0.587,58.7,Warm
0,0.5862,58.6,Warm
0,0.5859,58.6,Warm
1,0.5859,58.6,Warm
1,0.5853,58.5,Warm
1,0.5854,58.5,Warm
0,0.5844,58.4,Warm
1,0.5839,58.4,Warm
0,0.5841,58.4,Warm
0,0.5836,58.4,Warm
0,0.5825,58.3,Warm
1,0.5829,58.3,Warm
1,0.5835,58.3,Warm
0,0.583,58.3,Warm
1,0.5835,58.3,Warm
0,0.5831,58.3,Warm
0,0.5831,58.3,Warm
1,0.5832,58.3,Warm
0,0.5822,58.2,Warm
0,0.5817,58.2,Warm
1,0.582,58.2,Warm
1,0.5823,58.2,Warm
0,0.5805,58.1,Warm
1,0.581,58.1,Warm
0,0.5812,58.1,Warm
1,0.5808,58.1,Warm
1,0.5805,58.1,Warm
0,0.5802,58.0,Warm
1,0.5801,58.0,Warm
1,0.5793,57.9,Warm
1,0.5786,57.9,Warm
0,0.5786,57.9,Warm
0,0.5782,57.8,Warm
0,0.5784,57.8,Warm
1,0.5774,57.7,Warm
0,0.5766,57.7,Warm
1,0.5768,57.7,Warm
1,0.5756,57.6,Warm
0,0.5751,57.5,Warm
1,0.5746,57.5,Warm
1,0.5752,57.5,Warm
1,0.5739,57.4,Warm
1,0.5741,57.4,Warm
1,0.5738,57.4,Warm
0,0.5744,57.4,Warm
1,0.5742,57.4,Warm
1,0.5743,57.4,Warm
0,0.5738,57.4,Warm
0,0.5739,57.4,Warm
1,0.5726,57.3,Warm
1,0.5727,57.3,Warm
1,0.5732,57.3,Warm
1,0.5719,57.2,Warm
1,0.5718,57.2,Warm
1,0.5723,57.2,Warm
1,0.5717,57.2,Warm
0,0.5723,57.2,Warm
1,0.5712,57.1,Warm
1,0.5708,57.1,Warm
1,0.5707,57.1,Warm
1,0.5707,57.1,Warm
1,0.5698,57.0,Warm
0,0.5702,57.0,Warm
0,0.5702,57.0,Warm
1,0.5689,56.9,Warm
0,0.5692,56.9,Warm
1,0.5689,56.9,Warm
1,0.569,56.9,Warm
0,0.5686,56.9,Warm
0,0.5692,56.9,Warm
1,0.5679,56.8,Warm
1,0.5682,56.8,Warm
0,0.5671,56.7,Warm
0,0.567,56.7,Warm
0,0.5666,56.7,Warm
1,0.5667,56.7,Warm
1,0.5665,56.7,Warm
1,0.5672,56.7,Warm
1,0.5657,56.6,Warm
1,0.5663,56.6,Warm
1,0.5663,56.6,Warm
1,0.5648,56.5,Warm
1,0.5648,56.5,Warm
0,0.5646,56.5,Warm
1,0.5649,56.5,Warm
1,0.5639,56.4,Warm
0,0.5644,56.4,Warm
1,0.5644,56.4,Warm
1,0.5639,56.4,Warm
1,0.5645,56.4,Warm
1,0.5631,56.3,Warm
0,0.5633,56.3,Warm
1,0.5623,56.2,Warm
1,0.5619,56.2,Warm
1,0.562,56.2,Warm
0,0.5625,56.2,Warm
1,0.5623,56.2,Warm
0,0.5619,56.2,Warm
1,0.5621,56.2,Warm
1,0.562,56.2,Warm
0,0.5624,56.2,Warm
0,0.5623,56.2,Warm
1,0.5608,56.1,Warm
1,0.5613,56.1,Warm
1,0.56,56.0,Warm
0,0.56,56.0,Warm
1,0.5593,55.9,Warm
1,0.5591,55.9,Warm
0,0.5595,55.9,Warm
0,0.5589,55.9,Warm
1,0.5588,55.9,Warm
1,0.5583,55.8,Warm
1,0.5583,55.8,Warm
0,0.5583,55.8,Warm
1,0.5573,55.7,Warm
0,0.5568,55.7,Warm
1,0.5571,55.7,Warm
1,0.5572,55.7,Warm
1,0.5569,55.7,Warm
0,0.557,55.7,Warm
0,0.556,55.6,Warm
0,0.5564,55.6,Warm
0,0.5564,55.6,Warm
1,0.5549,55.5,Warm
0,0.555,55.5,Warm
0,0.5535,55.4,Warm
1,0.5535,55.4,Warm
0,0.5538,55.4,Warm
0,0.5535,55.3,Warm
0,0.5533,55.3,Warm
1,0.5528,55.3,Warm
1,0.5525,55.3,Warm
0,0.5527,55.3,Warm
1,0.5534,55.3,Warm
1,0.5532,55.3,Warm
1,0.5534,55.3,Warm
0,0.5526,55.3,Warm
1,0.5522,55.2,Warm
1,0.5518,55.2,Warm
1,0.5518,55.2,Warm
1,0.5518,55.2,Warm
0,0.5518,55.2,Warm
0,0.5518,55.2,Warm
0,0.5518,55.2,Warm
1,0.5518,55.2,Warm
1,0.5518,55.2,Warm
1,0.5518,55.2,Warm
1,0.5518,55.2,Warm
0,0.5522,55.2,Warm
1,0.5518,55.2,Warm
0,0.5515,55.2,Warm
0,0.5518,55.2,Warm
0,0.5518,55.2,Warm
0,0.5518,55.2,Warm
1,0.5518,55.2,Warm
1,0.5518,55.2,Warm
1,0.5525,55.2,Warm
1,0.5518,55.2,Warm
1,0.5518,55.2,Warm
1,0.5518,55.2,Warm
1,0.5518,55.2,Warm
0,0.5518,55.2,Warm
0,0.552,55.2,Warm
0,0.5518,55.2,Warm
1,0.5518,55.2,Warm
1,0.5518,55.2,Warm
1,0.5518,55.2,Warm
1,0.5518,55.2,Warm
1,0.5518,55.2,Warm
1,0.5518,55.2,Warm
0,0.5518,55.2,Warm
1,0.5518,55.2,Warm
1,0.5518,55.2,Warm
1,0.5518,55.2,Warm
1,0.5518,55.2,Warm
1,0.5518,55.2,Warm
1,0.552,55.2,Warm
1,0.5518,55.2,Warm
1,0.5518,55.2,Warm
1,0.5518,55.2,Warm
1,0.5518,55.2,Warm
1,0.551,55.1,Warm
0,0.551,55.1,Warm
0,0.5505,55.1,Warm
1,0.5509,55.1,Warm
1,0.5505,55.1,Warm
1,0.5501,55.0,Warm
0,0.549,54.9,Warm
0,0.5486,54.9,Warm
0,0.5491,54.9,Warm
1,0.5489,54.9,Warm
1,0.5489,54.9,Warm
0,0.5476,54.8,Warm
0,0.5479,54.8,Warm
1,0.5476,54.8,Warm
1,0.5479,54.8,Warm
1,0.5475,54.8,Warm
0,0.5482,54.8,Warm
0,0.5478,54.8,Warm
1,0.5466,54.7,Warm
0,0.5474,54.7,Warm
0,0.5466,54.7,Warm
1,0.5464,54.6,Warm
1,0.5459,54.6,Warm
0,0.5463,54.6,Warm
0,0.5459,54.6,Warm
1,0.5452,54.5,Warm
0,0.5449,54.5,Warm
1,0.5451,54.5,Warm
1,0.5441,54.4,Warm
0,0.5443,54.4,Warm
0,0.5439,54.4,Warm
1,0.5444,54.4,Warm
0,0.5436,54.4,Warm
1,0.5425,54.3,Warm
0,0.5434,54.3,Warm
0,0.5425,54.3,Warm
0,0.5426,54.3,Warm
0,0.5433,54.3,Warm
1,0.5415,54.2,Warm
0,0.5422,54.2,Warm
0,0.5419,54.2,Warm
1,0.5414,54.1,Warm
1,0.5399,54.0,Warm
0,0.5404,54.0,Warm
0,0.5396,54.0,Warm
1,0.5396,54.0,Warm
0,0.5404,54.0,Warm
1,0.5394,53.9,Warm
0,0.5381,53.8,Warm
0,0.5376,53.8,Warm
1,0.5381,53.8,Warm
0,0.5379,53.8,Warm
0,0.5381,53.8,Warm
0,0.537,53.7,Warm
0,0.5366,53.7,Warm
0,0.5372,53.7,Warm
0,0.5367,53.7,Warm
1,0.5365,53.7,Warm
0,0.537,53.7,Warm
1,0.5374,53.7,Warm
0,0.5371,53.7,Warm
1,0.5364,53.6,Warm
0,0.5354,53.5,Warm
1,0.5346,53.5,Warm
0,0.5345,53.5,Warm
0,0.5346,53.5,Warm
1,0.5353,53.5,Warm
1,0.5337,53.4,Warm
1,0.5344,53.4,Warm
1,0.5344,53.4,Warm
1,0.5339,53.4,Warm
1,0.534,53.4,Warm
0,0.5342,53.4,Warm
1,0.5326,53.3,Warm
0,0.5326,53.3,Warm
0,0.5332,53.3,Warm
0,0.5326,53.3,Warm
1,0.5324,53.2,Warm
0,0.5324,53.2,Warm
1,0.5315,53.2,Warm
1,0.5295,53.0,Warm
0,0.5302,53.0,Warm
0,0.5305,53.0,Warm
1,0.5287,52.9,Warm
0,0.5289,52.9,Warm
0,0.529,52.9,Warm
1,0.5279,52.8,Warm
0,0.528,52.8,Warm
1,0.5284,52.8,Warm
0,0.5276,52.8,Warm
0,0.5285,52.8,Warm
0,0.5274,52.7,Warm
1,0.5269,52.7,Warm
0,0.5268,52.7,Warm
1,0.5259,52.6,Warm
1,0.5261,52.6,Warm
0,0.5264,52.6,Warm
1,0.526,52.6,Warm
0,0.5261,52.6,Warm
0,0.5256,52.6,Warm
0,0.5261,52.6,Warm
0,0.5249,52.5,Warm
0,0.5239,52.4,Warm
1,0.5239,52.4,Warm
1,0.5244,52.4,Warm
0,0.5239,52.4,Warm
1,0.5243,52.4,Warm
0,0.5226,52.3,Warm
1,0.5225,52.3,Warm
0,0.5231,52.3,Warm
0,0.5226,52.3,Warm
1,0.5229,52.3,Warm
1,0.5234,52.3,Warm
1,0.523,52.3,Warm
0,0.5231,52.3,Warm
0,0.5226,52.3,Warm
0,0.5219,52.2,Warm
1,0.522,52.2,Warm
0,0.522,52.2,Warm
1,0.522,52.2,Warm
1,0.5219,52.2,Warm
0,0.5214,52.1,Warm
1,0.5214,52.1,Warm
0,0.5207,52.1,Warm
0,0.52,52.0,Warm
1,0.5202,52.0,Warm
0,0.5203,52.0,Warm
1,0.52,52.0,Warm
0,0.5204,52.0,Warm
0,0.5195,52.0,Warm
1,0.5196,52.0,Warm
1,0.519,51.9,Warm
0,0.5195,51.9,Warm
1,0.5188,51.9,Warm
1,0.519,51.9,Warm
0,0.5193,51.9,Warm
1,0.519,51.9,Warm
1,0.5175,51.8,Warm
1,0.518,51.8,Warm
0,0.518,51.8,Warm
1,0.5167,51.7,Warm
1,0.5169,51.7,Warm
1,0.5169,51.7,Warm
1,0.5167,51.7,Warm
1,0.5173,51.7,Warm
1,0.5172,51.7,Warm
0,0.5165,51.7,Warm
1,0.5162,51.6,Warm
1,0.5158,51.6,Warm
1,0.5164,51.6,Warm
0,0.5149,51.5,Warm
1,0.5152,51.5,Warm
0,0.5149,51.5,Warm
1,0.515,51.5,Warm
0,0.5145,51.5,Warm
1,0.5146,51.5,Warm
1,0.514,51.4,Warm
0,0.5144,51.4,Warm
1,0.5145,51.4,Warm
0,0.5143,51.4,Warm
0,0.514,51.4,Warm
0,0.5135,51.4,Warm
0,0.514,51.4,Warm
0,0.5125,51.3,Warm
1,0.5129,51.3,Warm
1,0.5127,51.3,Warm
1,0.5126,51.3,Warm
0,0.5125,51.3,Warm
1,0.5134,51.3,Warm
1,0.5133,51.3,Warm
0,0.5116,51.2,Warm
1,0.5115,51.2,Warm
1,0.5114,51.1,Warm
0,0.511,51.1,Warm
0,0.5111,51.1,Warm
0,0.5106,51.1,Warm
1,0.5113,51.1,Warm
1,0.5113,51.1,Warm
0,0.51,51.0,Warm
0,0.5098,51.0,Warm
0,0.5104,51.0,Warm
1,0.5101,51.0,Warm
1,0.51,51.0,Warm
1,0.5103,51.0,Warm
1,0.5095,51.0,Warm
0,0.5104,51.0,Warm
1,0.5098,51.0,Warm
1,0.5088,50.9,Warm
0,0.5095,50.9,Warm
0,0.5095,50.9,Warm
1,0.5088,50.9,Warm
1,0.509,50.9,Warm
0,0.508,50.8,Warm
1,0.5085,50.8,Warm
0,0.5085,50.8,Warm
1,0.5079,50.8,Warm
0,0.507,50.7,Warm
1,0.5068,50.7,Warm
0,0.5075,50.7,Warm
0,0.507,50.7,Warm
1,0.5074,50.7,Warm
1,0.5071,50.7,Warm
0,0.506,50.6,Warm
1,0.5048,50.5,Warm
0,0.505,50.5,Warm
1,0.5048,50.5,Warm
1,0.5046,50.5,Warm
0,0.504,50.4,Warm
1,0.5043,50.4,Warm
1,0.5038,50.4,Warm
1,0.5041,50.4,Warm
1,0.5039,50.4,Warm
1,0.503,50.3,Warm
1,0.5033,50.3,Warm
1,0.503,50.3,Warm
0,0.5031,50.3,Warm
1,0.5035,50.3,Warm
0,0.503,50.3,Warm
0,0.5034,50.3,Warm
0,0.5032,50.3,Warm
1,0.502,50.2,Warm
1,0.5018,50.2,Warm
0,0.5017,50.2,Warm
0,0.5009,50.1,Warm
1,0.5009,50.1,Warm
1,0.5013,50.1,Warm
1,0.501,50.1,Warm
0,0.5012,50.1,Warm
1,0.5012,50.1,Warm
1,0.4998,50.0,Warm
1,0.5004,50.0,Warm
1,0.5004,50.0,Warm
0,0.5003,50.0,Warm
0,0.4987,49.9,Warm
1,0.4987,49.9,Warm
1,0.4992,49.9,Warm
0,0.4986,49.9,Warm
1,0.4993,49.9,Warm
1,0.4976,49.8,Warm
0,0.4983,49.8,Warm
0,0.4978,49.8,Warm
0,0.4984,49.8,Warm
1,0.4983,49.8,Warm
1,0.4968,49.7,Warm
1,0.4969,49.7,Warm
0,0.4969,49.7,Warm
0,0.4967,49.7,Warm
0,0.4974,49.7,Warm
0,0.4963,49.6,Warm
0,0.496,49.6,Warm
1,0.4962,49.6,Warm
1,0.4957,49.6,Warm
0,0.4959,49.6,Warm
0,0.4954,49.5,Warm
1,0.4949,49.5,Warm
0,0.4954,49.5,Warm
1,0.4949,49.5,Warm
1,0.4943,49.4,Warm
1,0.4939,49.4,Warm
0,0.4938,49.4,Warm
1,0.4936,49.4,Warm
0,0.4939,49.4,Warm
1,0.4938,49.4,Warm
1,0.4941,49.4,Warm
1,0.4943,49.4,Warm
1,0.4939,49.4,Warm
0,0.493,49.3,Warm
1,0.4926,49.3,Warm
1,0.4925,49.3,Warm
1,0.4927,49.3,Warm
1,0.4934,49.3,Warm
0,0.4933,49.3,Warm
1,0.4929,49.3,Warm
0,0.4923,49.2,Warm
0,0.4917,49.2,Warm
1,0.4924,49.2,Warm
1,0.4922,49.2,Warm
0,0.4923,49.2,Warm
1,0.4923,49.2,Warm
1,0.4914,49.1,Warm
0,0.4913,49.1,Warm
0,0.4903,49.0,Warm
1,0.4898,49.0,Warm
1,0.4902,49.0,Warm
1,0.4894,48.9,Warm
0,0.4894,48.9,Warm
1,0.4892,48.9,Warm
1,0.4892,48.9,Warm
0,0.4889,48.9,Warm
0,0.4879,48.8,Warm
0,0.4882,48.8,Warm
1,0.4877,48.8,Warm
1,0.4884,48.8,Warm
1,0.4872,48.7,Warm
0,0.4874,48.7,Warm
1,0.4872,48.7,Warm
0,0.4867,48.7,Warm
0,0.4873,48.7,Warm
1,0.4862,48.6,Warm
1,0.4859,48.6,Warm
1,0.4863,48.6,Warm
0,0.4859,48.6,Warm
0,0.4862,48.6,Warm
1,0.4864,48.6,Warm
0,0.4849,48.5,Warm
0,0.4849,48.5,Warm
1,0.4847,48.5,Warm
1,0.4855,48.5,Warm
1,0.4852,48.5,Warm
0,0.4844,48.4,Warm
1,0.4839,48.4,Warm
1,0.4842,48.4,Warm
0,0.4839,48.4,Warm
0,0.4834,48.3,Warm
0,0.4826,48.3,Warm
0,0.4828,48.3,Warm
0,0.4834,48.3,Warm
1,0.4835,48.3,Warm
1,0.4832,48.3,Warm
0,0.4834,48.3,Warm
1,0.483,48.3,Warm
0,0.4829,48.3,Warm
1,0.4817,48.2,Warm
0,0.482,48.2,Warm
0,0.482,48.2,Warm
0,0.4819,48.2,Warm
1,0.4823,48.2,Warm
1,0.4812,48.1,Warm
0,0.4808,48.1,Warm
1,0.4802,48.0,Warm
0,0.4798,48.0,Warm
1,0.4798,48.0,Warm
0,0.4803,48.0,Warm
1,0.4792,47.9,Warm
1,0.4791,47.9,Warm
0,0.4791,47.9,Warm
1,0.4787,47.9,Warm
1,0.4783,47.8,Warm
1,0.4783,47.8,Warm
0,0.4783,47.8,Warm
1,0.4782,47.8,Warm
0,0.4785,47.8,Warm
0,0.4782,47.8,Warm
1,0.4766,47.7,Warm
1,0.4768,47.7,Warm
0,0.4763,47.6,Warm
0,0.4758,47.6,Warm
0,0.4758,47.6,Warm
0,0.4758,47.6,Warm
0,0.4756,47.6,Warm
1,0.4751,47.5,Warm
0,0.4748,47.5,Warm
1,0.4749,47.5,Warm
1,0.4753,47.5,Warm
0,0.4747,47.5,Warm
0,0.4753,47.5,Warm
0,0.4753,47.5,Warm
1,0.4737,47.4,Warm
0,0.4743,47.4,Warm
0,0.4737,47.4,Warm
1,0.4742,47.4,Warm
1,0.4743,47.4,Warm
0,0.4727,47.3,Warm
0,0.4733,47.3,Warm
0,0.4733,47.3,Warm
1,0.4727,47.3,Warm
0,0.4732,47.3,Warm
1,0.4717,47.2,Warm
1,0.4717,47.2,Warm
1,0.4717,47.2,Warm
0,0.4718,47.2,Warm
0,0.4706,47.1,Warm
0,0.4713,47.1,Warm
0,0.4714,47.1,Warm
1,0.4712,47.1,Warm
0,0.4714,47.1,Warm
1,0.4712,47.1,Warm
0,0.4698,47.0,Warm
0,0.4698,47.0,Warm
0,0.4688,46.9,Warm
1,0.4694,46.9,Warm
0,0.4693,46.9,Warm
1,0.4688,46.9,Warm
0,0.4692,46.9,Warm
0,0.4688,46.9,Warm
0,0.4693,46.9,Warm
0,0.4677,46.8,Warm
1,0.4683,46.8,Warm
1,0.4677,46.8,Warm
0,0.4677,46.8,Warm
1,0.4679,46.8,Warm
1,0.4677,46.8,Warm
1,0.4672,46.7,Warm
0,0.4668,46.7,Warm
1,0.4673,46.7,Warm
1,0.4672,46.7,Warm
1,0.4671,46.7,Warm
0,0.4669,46.7,Warm
1,0.4669,46.7,Warm
0,0.4673,46.7,Warm
1,0.4667,46.7,Warm
0,0.4665,46.7,Warm
1,0.4672,46.7,Warm
0,0.4673,46.7,Warm
1,0.4666,46.7,Warm
0,0.4664,46.6,Warm
1,0.4657,46.6,Warm
1,0.4657,46.6,Warm
0,0.4663,46.6,Warm
1,0.4658,46.6,Warm
1,0.4649,46.5,Warm
0,0.4652,46.5,Warm
1,0.4647,46.5,Warm
1,0.4647,46.5,Warm
0,0.4653,46.5,Warm
0,0.4653,46.5,Warm
1,0.4639,46.4,Warm
0,0.4636,46.4,Warm
1,0.4636,46.4,Warm
1,0.4638,46.4,Warm
1,0.4643,46.4,Warm
0,0.4644,46.4,Warm
1,0.4642,46.4,Warm
1,0.4627,46.3,Warm
1,0.4628,46.3,Warm
1,0.4632,46.3,Warm
1,0.4629,46.3,Warm
0,0.4625,46.3,Warm
0,0.4617,46.2,Warm
1,0.4622,46.2,Warm
0,0.4623,46.2,Warm
0,0.4623,46.2,Warm
0,0.4613,46.1,Warm
0,0.4614,46.1,Warm
0,0.4608,46.1,Warm
1,0.4607,46.1,Warm
1,0.4612,46.1,Warm
0,0.4603,46.0,Warm
1,0.46,46.0,Warm
0,0.4599,46.0,Warm
0,0.46,46.0,Warm
0,0.4603,46.0,Warm
1,0.4602,46.0,Warm
0,0.4602,46.0,Warm
1,0.4599,46.0,Warm
1,0.4593,45.9,Warm
0,0.4588,45.9,Warm
0,0.4593,45.9,Warm
1,0.4587,45.9,Warm
0,0.4593,45.9,Warm
0,0.4595,45.9,Warm
0,0.4588,45.9,Warm
0,0.4576,45.8,Warm
0,0.4585,45.8,Warm
0,0.4568,45.7,Warm
0,0.4568,45.7,Warm
1,0.4572,45.7,Warm
0,0.4573,45.7,Warm
0,0.4561,45.6,Warm
1,0.4564,45.6,Warm
1,0.4558,45.6,Warm
1,0.4564,45.6,Warm
1,0.4557,45.6,Warm
0,0.4562,45.6,Warm
1,0.4562,45.6,Warm
0,0.4553,45.5,Warm
1,0.4553,45.5,Warm
1,0.4546,45.5,Warm
0,0.4549,45.5,Warm
1,0.4548,45.5,Warm
1,0.4553,45.5,Warm
1,0.4548,45.5,Warm
1,0.4537,45.4,Warm
0,0.4541,45.4,Warm
0,0.4538,45.4,Warm
0,0.4543,45.4,Warm
0,0.4545,45.4,Warm
1,0.4535,45.4,Warm
0,0.4541,45.4,Warm
0,0.4527,45.3,Warm
0,0.4533,45.3,Warm
1,0.4528,45.3,Warm
1,0.4532,45.3,Warm
1,0.453,45.3,Warm
0,0.4518,45.2,Warm
0,0.4518,45.2,Warm
0,0.4518,45.2,Warm
0,0.4518,45.2,Warm
1,0.4521,45.2,Warm
1,0.4522,45.2,Warm
1,0.4516,45.2,Warm
0,0.4515,45.1,Warm
0,0.4501,45.0,Warm
0,0.4503,45.0,Warm
1,0.4496,45.0,Warm
1,0.4503,45.0,Warm
1,0.4496,45.0,Warm
1,0.4487,44.9,Warm
0,0.4488,44.9,Warm
0,0.4488,44.9,Warm
0,0.4491,44.9,Warm
0,0.4495,44.9,Warm
0,0.4493,44.9,Warm
0,0.4488,44.9,Warm
0,0.4483,44.8,Warm
0,0.4483,44.8,Warm
1,0.4478,44.8,Warm
1,0.4476,44.8,Warm
1,0.4481,44.8,Warm
1,0.4479,44.8,Warm
1,0.4483,44.8,Warm
0,0.4472,44.7,Warm
0,0.4468,44.7,Warm
1,0.447,44.7,Warm
0,0.4468,44.7,Warm
1,0.447,44.7,Warm
0,0.4469,44.7,Warm
1,0.4475,44.7,Warm
1,0.4472,44.7,Warm
1,0.4462,44.6,Warm
0,0.446,44.6,Warm
1,0.4462,44.6,Warm
0,0.4449,44.5,Warm
0,0.4452,44.5,Warm
1,0.4438,44.4,Warm
1,0.4442,44.4,Warm
1,0.4444,44.4,Warm
0,0.4434,44.3,Warm
1,0.4434,44.3,Warm
0,0.4434,44.3,Warm
1,0.4434,44.3,Warm
1,0.4434,44.3,Warm
0,0.4429,44.3,Warm
0,0.4429,44.3,Warm
0,0.4422,44.2,Warm
0,0.442,44.2,Warm
1,0.4424,44.2,Warm
1,0.4417,44.2,Warm
1,0.4419,44.2,Warm
1,0.4407,44.1,Warm
1,0.4409,44.1,Warm
1,0.4408,44.1,Warm
0,0.4412,44.1,Warm
1,0.4414,44.1,Warm
0,0.4405,44.0,Warm
1,0.4402,44.0,Warm
1,0.4402,44.0,Warm
0,0.44,44.0,Warm
0,0.4402,44.0,Warm
0,0.44,44.0,Warm
0,0.44,44.0,Warm
1,0.4398,44.0,Warm
0,0.4395,44.0,Warm
0,0.4394,43.9,Warm
1,0.4388,43.9,Warm
0,0.4394,43.9,Warm
0,0.4392,43.9,Warm
0,0.4383,43.8,Warm
0,0.4381,43.8,Warm
1,0.4382,43.8,Warm
1,0.4384,43.8,Warm
0,0.4378,43.8,Warm
1,0.4384,43.8,Warm
1,0.4367,43.7,Warm
0,0.4374,43.7,Warm
0,0.4359,43.6,Warm
0,0.4358,43.6,Warm
0,0.4358,43.6,Warm
0,0.4358,43.6,Warm
1,0.4359,43.6,Warm
1,0.4358,43.6,Warm
0,0.4359,43.6,Warm
0,0.4358,43.6,Warm
0,0.4364,43.6,Warm
1,0.4353,43.5,Warm
0,0.4355,43.5,Warm
0,0.4351,43.5,Warm
0,0.4348,43.5,Warm
0,0.4354,43.5,Warm
1,0.4347,43.5,Warm
0,0.4354,43.5,Warm
1,0.4341,43.4,Warm
0,0.434,43.4,Warm
0,0.4339,43.4,Warm
0,0.4338,43.4,Warm
1,0.4338,43.4,Warm
0,0.433,43.3,Warm
1,0.433,43.3,Warm
0,0.433,43.3,Warm
0,0.4318,43.2,Warm
0,0.432,43.2,Warm
0,0.4323,43.2,Warm
0,0.4323,43.2,Warm
1,0.4315,43.2,Warm
0,0.432,43.2,Warm
0,0.4315,43.2,Warm
0,0.4316,43.2,Warm
1,0.432,43.2,Warm
0,0.4323,43.2,Warm
1,0.4311,43.1,Warm
1,0.431,43.1,Warm
1,0.4307,43.1,Warm
0,0.431,43.1,Warm
1,0.4299,43.0,Warm
0,0.43,43.0,Warm
0,0.4295,42.9,Warm
0,0.429,42.9,Warm
1,0.4292,42.9,Warm
0,0.4288,42.9,Warm
0,0.4294,42.9,Warm
0,0.4285,42.9,Warm
1,0.4276,42.8,Warm
0,0.4281,42.8,Warm
1,0.4282,42.8,Warm
1,0.4281,42.8,Warm
0,0.4276,42.8,Warm
0,0.4276,42.8,Warm
1,0.4284,42.8,Warm
1,0.427,42.7,Warm
0,0.4274,42.7,Warm
1,0.4271,42.7,Warm
1,0.4274,42.7,Warm
0,0.4266,42.7,Warm
0,0.4261,42.6,Warm
1,0.4255,42.6,Warm
1,0.4255,42.6,Warm
0,0.4264,42.6,Warm
1,0.4259,42.6,Warm
0,0.4256,42.6,Warm
0,0.4264,42.6,Warm
0,0.4249,42.5,Warm
1,0.4246,42.5,Warm
1,0.425,42.5,Warm
1,0.4246,42.5,Warm
1,0.4233,42.3,Warm
1,0.4231,42.3,Warm
1,0.4234,42.3,Warm
1,0.4228,42.3,Warm
1,0.423,42.3,Warm
1,0.4223,42.2,Warm
1,0.422,42.2,Warm
0,0.4222,42.2,Warm
0,0.4222,42.2,Warm
0,0.4217,42.2,Warm
1,0.422,42.2,Warm
1,0.4215,42.2,Warm
1,0.4209,42.1,Warm
0,0.4207,42.1,Warm
0,0.421,42.1,Warm
1,0.4207,42.1,Warm
1,0.4206,42.1,Warm
0,0.4212,42.1,Warm
0,0.4212,42.1,Warm
0,0.421,42.1,Warm
0,0.4199,42.0,Warm
1,0.4198,42.0,Warm
0,0.42,42.0,Warm
0,0.4197,42.0,Warm
0,0.4199,42.0,Warm
0,0.4202,42.0,Warm
0,0.4192,41.9,Warm
0,0.4195,41.9,Warm
0,0.4192,41.9,Warm
0,0.419,41.9,Warm
0,0.4186,41.9,Warm
0,0.4193,41.9,Warm
0,0.4191,41.9,Warm
1,0.4187,41.9,Warm
1,0.4179,41.8,Warm
0,0.4179,41.8,Warm
1,0.4177,41.8,Warm
0,0.4177,41.8,Warm
0,0.4177,41.8,Warm
1,0.4182,41.8,Warm
0,0.4175,41.7,Warm
0,0.4173,41.7,Warm
0,0.4167,41.7,Warm
0,0.4175,41.7,Warm
0,0.4161,41.6,Warm
1,0.4161,41.6,Warm
0,0.4157,41.6,Warm
0,0.4158,41.6,Warm
1,0.4163,41.6,Warm
0,0.4163,41.6,Warm
1,0.4153,41.5,Warm
1,0.4146,41.5,Warm
0,0.4154,41.5,Warm
1,0.4153,41.5,Warm
1,0.4152,41.5,Warm
1,0.4143,41.4,Warm
1,0.4142,41.4,Warm
0,0.4143,41.4,Warm
0,0.4143,41.4,Warm
0,0.4128,41.3,Warm
0,0.4133,41.3,Warm
1,0.4124,41.2,Warm
1,0.4122,41.2,Warm
1,0.4119,41.2,Warm
0,0.4122,41.2,Warm
0,0.4109,41.1,Warm
1,0.4114,41.1,Warm
0,0.4112,41.1,Warm
0,0.4114,41.1,Warm
0,0.4099,41.0,Warm
1,0.4104,41.0,Warm
0,0.4096,41.0,Warm
1,0.4101,41.0,Warm
0,0.4099,41.0,Warm
0,0.4104,41.0,Warm
0,0.4104,41.0,Warm
0,0.4098,41.0,Warm
0,0.409,40.9,Warm
1,0.4088,40.9,Warm
0,0.4088,40.9,Warm
1,0.4095,40.9,Warm
1,0.4095,40.9,Warm
0,0.4089,40.9,Warm
1,0.4091,40.9,Warm
1,0.4081,40.8,Warm
0,0.4075,40.8,Warm
1,0.4076,40.8,Warm
0,0.407,40.7,Warm
0,0.407,40.7,Warm
0,0.407,40.7,Warm
0,0.407,40.7,Warm
1,0.4073,40.7,Warm
1,0.4064,40.6,Warm
0,0.4059,40.6,Warm
0,0.4064,40.6,Warm
0,0.4061,40.6,Warm
1,0.406,40.6,Warm
0,0.4055,40.5,Warm
1,0.4049,40.5,Warm
1,0.4042,40.4,Warm
0,0.4041,40.4,Warm
0,0.404,40.4,Warm
1,0.404,40.4,Warm
1,0.4036,40.4,Warm
0,0.4041,40.4,Warm
0,0.404,40.4,Warm
0,0.4033,40.3,Warm
0,0.403,40.3,Warm
0,0.4034,40.3,Warm
0,0.4026,40.3,Warm
0,0.4031,40.3,Warm
1,0.4027,40.3,Warm
0,0.4017,40.2,Warm
1,0.4021,40.2,Warm
0,0.4017,40.2,Warm
0,0.4021,40.2,Warm
1,0.4017,40.2,Warm
0,0.4016,40.2,Warm
0,0.4017,40.2,Warm
0,0.4017,40.2,Warm
0,0.4021,40.2,Warm
0,0.4012,40.1,Warm
0,0.4014,40.1,Warm
1,0.4007,40.1,Warm
0,0.4003,40.0,Warm
1,0.4004,40.0,Warm
0,0.4002,40.0,Warm
1,0.3985,39.9,Cold
0,0.3992,39.9,Cold
1,0.3986,39.9,Cold
0,0.3991,39.9,Cold
1,0.3989,39.9,Cold
0,0.3986,39.9,Cold
1,0.3976,39.8,Cold
0,0.3978,39.8,Cold
1,0.3967,39.7,Cold
0,0.3974,39.7,Cold
1,0.3974,39.7,Cold
1,0.3972,39.7,Cold
1,0.3969,39.7,Cold
0,0.3972,39.7,Cold
0,0.3959,39.6,Cold
0,0.3959,39.6,Cold
1,0.3959,39.6,Cold
1,0.3957,39.6,Cold
0,0.3959,39.6,Cold
0,0.3959,39.6,Cold
1,0.3958,39.6,Cold
1,0.3958,39.6,Cold
1,0.3962,39.6,Cold
0,0.3954,39.5,Cold
1,0.395,39.5,Cold
0,0.3938,39.4,Cold
1,0.3935,39.4,Cold
1,0.3943,39.4,Cold
0,0.3938,39.4,Cold
1,0.3935,39.4,Cold
0,0.3943,39.4,Cold
0,0.3936,39.4,Cold
1,0.3929,39.3,Cold
0,0.3928,39.3,Cold
0,0.3935,39.3,Cold
0,0.3926,39.3,Cold
0,0.393,39.3,Cold
1,0.393,39.3,Cold
1,0.393,39.3,Cold
0,0.393,39.3,Cold
0,0.3924,39.2,Cold
1,0.392,39.2,Cold
0,0.3919,39.2,Cold
1,0.3916,39.2,Cold
1,0.3919,39.2,Cold
1,0.3911,39.1,Cold
0,0.3911,39.1,Cold
0,0.3911,39.1,Cold
1,0.391,39.1,Cold
0,0.3906,39.1,Cold
0,0.3906,39.1,Cold
0,0.3911,39.1,Cold
1,0.3906,39.1,Cold
0,0.3911,39.1,Cold
0,0.3912,39.1,Cold
0,0.3895,39.0,Cold
0,0.3896,39.0,Cold
0,0.3897,39.0,Cold
0,0.39,39.0,Cold
0,0.39,39.0,Cold
0,0.3898,39.0,Cold
0,0.3898,39.0,Cold
0,0.3886,38.9,Cold
0,0.3887,38.9,Cold
0,0.3892,38.9,Cold
0,0.3887,38.9,Cold
0,0.3887,38.9,Cold
1,0.3887,38.9,Cold
0,0.3878,38.8,Cold
0,0.3878,38.8,Cold
0,0.3878,38.8,Cold
1,0.3878,38.8,Cold
1,0.3881,38.8,Cold
0,0.3868,38.7,Cold
1,0.3859,38.6,Cold
1,0.3862,38.6,Cold
1,0.3863,38.6,Cold
0,0.3863,38.6,Cold
1,0.3864,38.6,Cold
0,0.3854,38.5,Cold
1,0.3848,38.5,Cold
1,0.385,38.5,Cold
1,0.3854,38.5,Cold
0,0.3849,38.5,Cold
1,0.3846,38.5,Cold
0,0.3839,38.4,Cold
1,0.384,38.4,Cold
1,0.3838,38.4,Cold
1,0.3835,38.3,Cold
0,0.3826,38.3,Cold
0,0.3821,38.2,Cold
0,0.3824,38.2,Cold
0,0.3816,38.2,Cold
1,0.3822,38.2,Cold
1,0.3822,38.2,Cold
0,0.3821,38.2,Cold
1,0.3822,38.2,Cold
0,0.3811,38.1,Cold
1,0.3814,38.1,Cold
1,0.3811,38.1,Cold
0,0.3812,38.1,Cold
0,0.3812,38.1,Cold
1,0.38,38.0,Cold
0,0.3795,38.0,Cold
1,0.3795,38.0,Cold
0,0.3797,38.0,Cold
0,0.3796,38.0,Cold
0,0.38,38.0,Cold
1,0.3791,37.9,Cold
0,0.3789,37.9,Cold
1,0.3795,37.9,Cold
0,0.3792,37.9,Cold
0,0.3791,37.9,Cold
0,0.3778,37.8,Cold
1,0.3783,37.8,Cold
0,0.3778,37.8,Cold
0,0.3776,37.8,Cold
0,0.3783,37.8,Cold
1,0.3779,37.8,Cold
1,0.3776,37.8,Cold
0,0.3781,37.8,Cold
0,0.3772,37.7,Cold
0,0.3771,37.7,Cold
0,0.3767,37.7,Cold
0,0.377,37.7,Cold
1,0.3768,37.7,Cold
0,0.3768,37.7,Cold
1,0.3762,37.6,Cold
0,0.3764,37.6,Cold
0,0.3757,37.6,Cold
0,0.3764,37.6,Cold
1,0.3764,37.6,Cold
1,0.3749,37.5,Cold
0,0.3748,37.5,Cold
0,0.375,37.5,Cold
1,0.3744,37.4,Cold
1,0.3745,37.4,Cold
1,0.3743,37.4,Cold
1,0.3744,37.4,Cold
0,0.3744,37.4,Cold
0,0.3738,37.4,Cold
0,0.374,37.4,Cold
0,0.373,37.3,Cold
1,0.3732,37.3,Cold
1,0.3731,37.3,Cold
1,0.373,37.3,Cold
1,0.3731,37.3,Cold
0,0.373,37.3,Cold
0,0.3729,37.3,Cold
1,0.3734,37.3,Cold
0,0.3718,37.2,Cold
1,0.3718,37.2,Cold
0,0.3721,37.2,Cold
0,0.3717,37.2,Cold
1,0.3723,37.2,Cold
0,0.3718,37.2,Cold
1,0.3725,37.2,Cold
0,0.3725,37.2,Cold
0,0.3707,37.1,Cold
1,0.3707,37.1,Cold
1,0.3713,37.1,Cold
0,0.3712,37.1,Cold
1,0.3715,37.1,Cold
0,0.3702,37.0,Cold
1,0.3698,37.0,Cold
1,0.3701,37.0,Cold
0,0.3701,37.0,Cold
0,0.3701,37.0,Cold
0,0.3696,37.0,Cold
0,0.3687,36.9,Cold
1,0.3691,36.9,Cold
0,0.3687,36.9,Cold
0,0.3695,36.9,Cold
0,0.3689,36.9,Cold
1,0.3683,36.8,Cold
1,0.3682,36.8,Cold
1,0.3676,36.8,Cold
0,0.3683,36.8,Cold
1,0.3676,36.8,Cold
0,0.3679,36.8,Cold
0,0.3676,36.8,Cold
0,0.3674,36.7,Cold
0,0.3671,36.7,Cold
0,0.3674,36.7,Cold
0,0.3665,36.7,Cold
0,0.366,36.6,Cold
0,0.3659,36.6,Cold
0,0.3664,36.6,Cold
1,0.3662,36.6,Cold
0,0.366,36.6,Cold
0,0.3662,36.6,Cold
0,0.366,36.6,Cold
1,0.3664,36.6,Cold
1,0.3664,36.6,Cold
1,0.3654,36.5,Cold
1,0.3645,36.5,Cold
1,0.3649,36.5,Cold
0,0.3654,36.5,Cold
1,0.3638,36.4,Cold
0,0.364,36.4,Cold
0,0.364,36.4,Cold
1,0.3642,36.4,Cold
0,0.3637,36.4,Cold
0,0.3626,36.3,Cold
0,0.3627,36.3,Cold
0,0.363,36.3,Cold
1,0.3628,36.3,Cold
1,0.3627,36.3,Cold
0,0.3627,36.3,Cold
1,0.363,36.3,Cold
0,0.3628,36.3,Cold
0,0.3627,36.3,Cold
0,0.3619,36.2,Cold
0,0.3623,36.2,Cold
0,0.3619,36.2,Cold
0,0.3615,36.2,Cold
1,0.3622,36.2,Cold
0,0.3609,36.1,Cold
1,0.3607,36.1,Cold
0,0.3607,36.1,Cold
1,0.361,36.1,Cold
1,0.3609,36.1,Cold
0,0.3605,36.0,Cold
1,0.3605,36.0,Cold
1,0.3604,36.0,Cold
0,0.3603,36.0,Cold
0,0.3605,36.0,Cold
0,0.3595,36.0,Cold
1,0.3605,36.0,Cold
0,0.3589,35.9,Cold
1,0.3589,35.9,Cold
0,0.3577,35.8,Cold
0,0.3582,35.8,Cold
0,0.3576,35.8,Cold
0,0.3577,35.8,Cold
1,0.3576,35.8,Cold
0,0.3582,35.8,Cold
0,0.3582,35.8,Cold
0,0.3577,35.8,Cold
0,0.3579,35.8,Cold
0,0.3571,35.7,Cold
1,0.3568,35.7,Cold
0,0.3569,35.7,Cold
0,0.3567,35.7,Cold
0,0.3558,35.6,Cold
1,0.3561,35.6,Cold
0,0.3558,35.6,Cold
0,0.3564,35.6,Cold
0,0.3557,35.6,Cold
0,0.3546,35.5,Cold
1,0.3551,35.5,Cold
1,0.3552,35.5,Cold
1,0.3537,35.4,Cold
1,0.3543,35.4,Cold
0,0.353,35.3,Cold
0,0.3527,35.3,Cold
1,0.3525,35.3,Cold
1,0.3534,35.3,Cold
0,0.3523,35.2,Cold
0,0.3523,35.2,Cold
0,0.3523,35.2,Cold
0,0.3521,35.2,Cold
1,0.3523,35.2,Cold
0,0.3516,35.2,Cold
0,0.3518,35.2,Cold
1,0.352,35.2,Cold
0,0.3519,35.2,Cold
0,0.3516,35.2,Cold
0,0.3511,35.1,Cold
1,0.3509,35.1,Cold
1,0.35,35.0,Cold
0,0.3502,35.0,Cold
1,0.3495,35.0,Cold
0,0.3497,35.0,Cold
0,0.3491,34.9,Cold
1,0.3491,34.9,Cold
1,0.3493,34.9,Cold
1,0.3493,34.9,Cold
1,0.3493,34.9,Cold
0,0.3494,34.9,Cold
1,0.3484,34.8,Cold
1,0.3479,34.8,Cold
1,0.3475,34.8,Cold
1,0.3475,34.8,Cold
0,0.3477,34.8,Cold
0,0.3473,34.7,Cold
0,0.347,34.7,Cold
1,0.3473,34.7,Cold
1,0.3474,34.7,Cold
1,0.3466,34.7,Cold
1,0.347,34.7,Cold
0,0.3471,34.7,Cold
0,0.3467,34.7,Cold
0,0.3473,34.7,Cold
0,0.3461,34.6,Cold
0,0.3462,34.6,Cold
0,0.3461,34.6,Cold
1,0.3461,34.6,Cold
0,0.3452,34.5,Cold
0,0.3453,34.5,Cold
0,0.3436,34.4,Cold
0,0.3439,34.4,Cold
1,0.3443,34.4,Cold
0,0.3438,34.4,Cold
0,0.3443,34.4,Cold
0,0.3443,34.4,Cold
0,0.3426,34.3,Cold
0,0.3426,34.3,Cold
0,0.3426,34.3,Cold
0,0.3426,34.3,Cold
1,0.3426,34.3,Cold
1,0.3426,34.3,Cold
1,0.3426,34.3,Cold
0,0.3434,34.3,Cold
0,0.3434,34.3,Cold
1,0.3426,34.3,Cold
1,0.3426,34.3,Cold
0,0.3426,34.3,Cold
1,0.3425,34.3,Cold
0,0.3426,34.3,Cold
0,0.3426,34.3,Cold
1,0.3426,34.3,Cold
0,0.3426,34.3,Cold
1,0.3426,34.3,Cold
0,0.3426,34.3,Cold
0,0.3424,34.2,Cold
0,0.3418,34.2,Cold
1,0.3413,34.1,Cold
1,0.3409,34.1,Cold
1,0.3411,34.1,Cold
0,0.3406,34.1,Cold
0,0.3407,34.1,Cold
0,0.3411,34.1,Cold
0,0.3398,34.0,Cold
0,0.3395,34.0,Cold
0,0.3376,33.8,Cold
1,0.3377,33.8,Cold
1,0.3373,33.7,Cold
1,0.3373,33.7,Cold
1,0.3373,33.7,Cold
1,0.3373,33.7,Cold
1,0.3373,33.7,Cold
1,0.3373,33.7,Cold
0,0.3373,33.7,Cold
0,0.3373,33.7,Cold
1,0.3373,33.7,Cold
0,0.3373,33.7,Cold
1,0.3373,33.7,Cold
1,0.3373,33.7,Cold
1,0.3373,33.7,Cold
1,0.3373,33.7,Cold
0,0.3373,33.7,Cold
1,0.3373,33.7,Cold
1,0.3373,33.7,Cold
1,0.3373,33.7,Cold
1,0.3373,33.7,Cold
1,0.3373,33.7,Cold
1,0.3373,33.7,Cold
0,0.3373,33.7,Cold
1,0.3373,33.7,Cold
1,0.3373,33.7,Cold
1,0.3373,33.7,Cold
1,0.3373,33.7,Cold
1,0.3375,33.7,Cold
1,0.3373,33.7,Cold
1,0.3373,33.7,Cold
1,0.3373,33.7,Cold
1,0.3373,33.7,Cold
1,0.3373,33.7,Cold
1,0.3373,33.7,Cold
1,0.3373,33.7,Cold
1,0.3373,33.7,Cold
1,0.3373,33.7,Cold
0,0.3373,33.7,Cold
0,0.3373,33.7,Cold
0,0.3373,33.7,Cold
1,0.3373,33.7,Cold
0,0.3373,33.7,Cold
0,0.3371,33.7,Cold
1,0.3373,33.7,Cold
0,0.3373,33.7,Cold
0,0.3373,33.7,Cold
0,0.3358,33.6,Cold
0,0.3359,33.6,Cold
1,0.3359,33.6,Cold
0,0.3347,33.5,Cold
0,0.335,33.5,Cold
1,0.3352,33.5,Cold
0,0.3348,33.5,Cold
0,0.3339,33.4,Cold
1,0.3337,33.4,Cold
0,0.3338,33.4,Cold
0,0.3339,33.4,Cold
1,0.3343,33.4,Cold
0,0.3326,33.3,Cold
1,0.333,33.3,Cold
1,0.3331,33.3,Cold
0,0.3326,33.3,Cold
0,0.3326,33.3,Cold
1,0.3331,33.3,Cold
0,0.3321,33.2,Cold
0,0.3317,33.2,Cold
1,0.3306,33.1,Cold
0,0.3308,33.1,Cold
0,0.3304,33.0,Cold
0,0.3299,33.0,Cold
1,0.3291,32.9,Cold
1,0.3293,32.9,Cold
1,0.3286,32.9,Cold
0,0.3288,32.9,Cold
0,0.3293,32.9,Cold
0,0.3293,32.9,Cold
0,0.3286,32.9,Cold
0,0.329,32.9,Cold
0,0.3282,32.8,Cold
1,0.328,32.8,Cold
0,0.3278,32.8,Cold
1,0.3268,32.7,Cold
1,0.3273,32.7,Cold
1,0.3256,32.6,Cold
1,0.3257,32.6,Cold
1,0.3264,32.6,Cold
0,0.3264,32.6,Cold
1,0.3251,32.5,Cold
0,0.3248,32.5,Cold
0,0.325,32.5,Cold
1,0.3246,32.5,Cold
0,0.3239,32.4,Cold
0,0.3241,32.4,Cold
1,0.3238,32.4,Cold
0,0.3242,32.4,Cold
0,0.3242,32.4,Cold
1,0.3229,32.3,Cold
1,0.3221,32.2,Cold
0,0.3212,32.1,Cold
1,0.3211,32.1,Cold
0,0.3211,32.1,Cold
1,0.3215,32.1,Cold
1,0.3198,32.0,Cold
0,0.3195,31.9,Cold
0,0.3189,31.9,Cold
0,0.3185,31.8,Cold
1,0.3168,31.7,Cold
1,0.3168,31.7,Cold
0,0.3172,31.7,Cold
0,0.3167,31.7,Cold
0,0.3156,31.6,Cold
0,0.3158,31.6,Cold
0,0.3154,31.5,Cold
0,0.3153,31.5,Cold
1,0.315,31.5,Cold
1,0.3154,31.5,Cold
1,0.315,31.5,Cold
0,0.3137,31.4,Cold
1,0.314,31.4,Cold
0,0.3142,31.4,Cold
0,0.3137,31.4,Cold
1,0.313,31.3,Cold
0,0.313,31.3,Cold
0,0.3126,31.3,Cold
0,0.3133,31.3,Cold
0,0.3133,31.3,Cold
1,0.3122,31.2,Cold
0,0.3122,31.2,Cold
0,0.3122,31.2,Cold
0,0.312,31.2,Cold
1,0.312,31.2,Cold
1,0.3117,31.2,Cold
1,0.3121,31.2,Cold
0,0.3113,31.1,Cold
1,0.3112,31.1,Cold
1,0.3106,31.1,Cold
1,0.3102,31.0,Cold
0,0.3101,31.0,Cold
1,0.3103,31.0,Cold
1,0.3103,31.0,Cold
1,0.3085,30.9,Cold
0,0.3084,30.8,Cold
1,0.3079,30.8,Cold
1,0.3085,30.8,Cold
0,0.3083,30.8,Cold
1,0.3076,30.8,Cold
0,0.3072,30.7,Cold
1,0.3072,30.7,Cold
1,0.3069,30.7,Cold
1,0.306,30.6,Cold
0,0.3061,30.6,Cold
0,0.3057,30.6,Cold
1,0.3056,30.6,Cold
0,0.3059,30.6,Cold
0,0.3063,30.6,Cold
1,0.3055,30.5,Cold
1,0.3046,30.5,Cold
0,0.3053,30.5,Cold
0,0.3047,30.5,Cold
1,0.304,30.4,Cold
0,0.3038,30.4,Cold
0,0.3037,30.4,Cold
1,0.3038,30.4,Cold
0,0.3026,30.3,Cold
0,0.303,30.3,Cold
1,0.3028,30.3,Cold
0,0.303,30.3,Cold
1,0.3029,30.3,Cold
1,0.3032,30.3,Cold
1,0.3016,30.2,Cold
1,0.3016,30.2,Cold
0,0.3016,30.2,Cold
0,0.3022,30.2,Cold
0,0.3019,30.2,Cold
1,0.3018,30.2,Cold
1,0.3016,30.2,Cold
0,0.3016,30.2,Cold
0,0.3016,30.2,Cold
1,0.302,30.2,Cold
0,0.3016,30.2,Cold
1,0.3016,30.2,Cold
0,0.3021,30.2,Cold
0,0.3009,30.1,Cold
0,0.3009,30.1,Cold
0,0.3009,30.1,Cold
0,0.3009,30.1,Cold
0,0.3009,30.1,Cold
0,0.3009,30.1,Cold
0,0.3009,30.1,Cold
1,0.3009,30.1,Cold
0,0.3009,30.1,Cold
0,0.3009,30.1,Cold
1,0.3011,30.1,Cold
1,0.3009,30.1,Cold
0,0.3009,30.1,Cold
0,0.3009,30.1,Cold
1,0.3012,30.1,Cold
0,0.3009,30.1,Cold
0,0.3009,30.1,Cold
1,0.3009,30.1,Cold
1,0.3009,30.1,Cold
0,0.3009,30.1,Cold
1,0.3,30.0,Cold
0,0.2997,30.0,Cold
0,0.2998,30.0,Cold
1,0.2994,29.9,Cold
0,0.2985,29.9,Cold
0,0.2987,29.9,Cold
0,0.2988,29.9,Cold
0,0.2978,29.8,Cold
1,0.2979,29.8,Cold
1,0.2968,29.7,Cold
1,0.2975,29.7,Cold
0,0.2971,29.7,Cold
0,0.2968,29.7,Cold
0,0.2968,29.7,Cold
0,0.296,29.6,Cold
1,0.2958,29.6,Cold
0,0.2963,29.6,Cold
1,0.2964,29.6,Cold
1,0.2964,29.6,Cold
0,0.2948,29.5,Cold
0,0.2955,29.5,Cold
1,0.2953,29.5,Cold
0,0.2952,29.5,Cold
0,0.2946,29.5,Cold
0,0.2941,29.4,Cold
0,0.2927,29.3,Cold
1,0.2935,29.3,Cold
0,0.2917,29.2,Cold
0,0.2917,29.2,Cold
0,0.2921,29.2,Cold
0,0.2906,29.1,Cold
1,0.2909,29.1,Cold
0,0.2898,29.0,Cold
0,0.289,28.9,Cold
0,0.2892,28.9,Cold
0,0.2885,28.9,Cold
0,0.2894,28.9,Cold
0,0.2887,28.9,Cold
1,0.2891,28.9,Cold
1,0.2879,28.8,Cold
0,0.2875,28.7,Cold
0,0.2867,28.7,Cold
0,0.2873,28.7,Cold
0,0.2874,28.7,Cold
0,0.2873,28.7,Cold
1,0.2863,28.6,Cold
0,0.2859,28.6,Cold
0,0.2855,28.6,Cold
0,0.2861,28.6,Cold
0,0.2852,28.5,Cold
0,0.2854,28.5,Cold
1,0.2847,28.5,Cold
1,0.285,28.5,Cold
0,0.2839,28.4,Cold
1,0.2845,28.4,Cold
1,0.2844,28.4,Cold
0,0.2842,28.4,Cold
1,0.2838,28.4,Cold
0,0.2838,28.4,Cold
0,0.284,28.4,Cold
0,0.2842,28.4,Cold
1,0.2834,28.3,Cold
1,0.2834,28.3,Cold
1,0.2834,28.3,Cold
1,0.2834,28.3,Cold
0,0.2834,28.3,Cold
0,0.2834,28.3,Cold
1,0.2834,28.3,Cold
0,0.2834,28.3,Cold
1,0.2834,28.3,Cold
0,0.2834,28.3,Cold
1,0.2834,28.3,Cold
0,0.2834,28.3,Cold
0,0.2834,28.3,Cold
0,0.2834,28.3,Cold
0,0.2834,28.3,Cold
0,0.2834,28.3,Cold
0,0.2834,28.3,Cold
1,0.2834,28.3,Cold
1,0.2834,28.3,Cold
1,0.2834,28.3,Cold
1,0.2834,28.3,Cold
1,0.2834,28.3,Cold
0,0.2834,28.3,Cold
0,0.2834,28.3,Cold
0,0.2834,28.3,Cold
0,0.2834,28.3,Cold
0,0.2834,28.3,Cold
1,0.2834,28.3,Cold
1,0.2834,28.3,Cold
0,0.2834,28.3,Cold
0,0.2834,28.3,Cold
0,0.2834,28.3,Cold
0,0.2834,28.3,Cold
0,0.2825,28.3,Cold
1,0.2834,28.3,Cold
0,0.2834,28.3,Cold
0,0.2834,28.3,Cold
0,0.2834,28.3,Cold
0,0.2834,28.3,Cold
0,0.2834,28.3,Cold
0,0.2834,28.3,Cold
0,0.2834,28.3,Cold
0,0.2834,28.3,Cold
1,0.2834,28.3,Cold
1,0.2834,28.3,Cold
1,0.2834,28.3,Cold
0,0.2834,28.3,Cold
0,0.2834,28.3,Cold
0,0.2834,28.3,Cold
1,0.2834,28.3,Cold
0,0.2834,28.3,Cold
1,0.2834,28.3,Cold
0,0.2834,28.3,Cold
1,0.2834,28.3,Cold
1,0.2834,28.3,Cold
1,0.2834,28.3,Cold
0,0.2834,28.3,Cold
0,0.2834,28.3,Cold
0,0.2834,28.3,Cold
1,0.2834,28.3,Cold
0,0.2834,28.3,Cold
1,0.2834,28.3,Cold
0,0.2834,28.3,Cold
1,0.2834,28.3,Cold
1,0.2834,28.3,Cold
1,0.2834,28.3,Cold
0,0.2834,28.3,Cold
1,0.2834,28.3,Cold
0,0.2834,28.3,Cold
0,0.2834,28.3,Cold
0,0.2834,28.3,Cold
0,0.2834,28.3,Cold
0,0.2834,28.3,Cold
1,0.2834,28.3,Cold
0,0.2834,28.3,Cold
1,0.2834,28.3,Cold
0,0.2834,28.3,Cold
1,0.2834,28.3,Cold
0,0.2834,28.3,Cold
0,0.2834,28.3,Cold
0,0.2834,28.3,Cold
1,0.2834,28.3,Cold
1,0.2834,28.3,Cold
0,0.2834,28.3,Cold
1,0.2834,28.3,Cold
0,0.2834,28.3,Cold
0,0.2834,28.3,Cold
1,0.2834,28.3,Cold
0,0.2834,28.3,Cold
0,0.2834,28.3,Cold
0,0.2834,28.3,Cold
1,0.2834,28.3,Cold
0,0.2834,28.3,Cold
0,0.2834,28.3,Cold
0,0.2834,28.3,Cold
1,0.2834,28.3,Cold
0,0.2834,28.3,Cold
1,0.2834,28.3,Cold
1,0.2834,28.3,Cold
0,0.2834,28.3,Cold
0,0.2834,28.3,Cold
1,0.2834,28.3,Cold
1,0.2834,28.3,Cold
1,0.2834,28.3,Cold
0,0.2834,28.3,Cold
0,0.2834,28.3,Cold
0,0.2834,28.3,Cold
1,0.2834,28.3,Cold
0,0.2834,28.3,Cold
1,0.2834,28.3,Cold
1,0.2834,28.3,Cold
1,0.2834,28.3,Cold
1,0.2834,28.3,Cold
1,0.2834,28.3,Cold
1,0.2834,28.3,Cold
0,0.2834,28.3,Cold
1,0.2834,28.3,Cold
0,0.2834,28.3,Cold
1,0.2834,28.3,Cold
0,0.2834,28.3,Cold
0,0.2834,28.3,Cold
1,0.2834,28.3,Cold
0,0.2834,28.3,Cold
0,0.2834,28.3,Cold
0,0.2834,28.3,Cold
1,0.2834,28.3,Cold
0,0.2834,28.3,Cold
0,0.2834,28.3,Cold
0,0.2834,28.3,Cold
1,0.2834,28.3,Cold
0,0.2834,28.3,Cold
1,0.2834,28.3,Cold
0,0.2834,28.3,Cold
1,0.2834,28.3,Cold
1,0.2834,28.3,Cold
1,0.2834,28.3,Cold
1,0.2834,28.3,Cold
0,0.2834,28.3,Cold
0,0.2834,28.3,Cold
0,0.2834,28.3,Cold
0,0.2834,28.3,Cold
0,0.2834,28.3,Cold
0,0.2834,28.3,Cold
1,0.2834,28.3,Cold
1,0.2834,28.3,Cold
1,0.2834,28.3,Cold
1,0.2834,28.3,Cold
0,0.2834,28.3,Cold
1,0.2834,28.3,Cold
1,0.2834,28.3,Cold
1,0.2834,28.3,Cold
0,0.2834,28.3,Cold
0,0.2834,28.3,Cold
0,0.2834,28.3,Cold
0,0.2834,28.3,Cold
1,0.2834,28.3,Cold
0,0.2834,28.3,Cold
1,0.2834,28.3,Cold
1,0.2834,28.3,Cold
0,0.2834,28.3,Cold
1,0.2834,28.3,Cold
0,0.2834,28.3,Cold
0,0.2834,28.3,Cold
1,0.2834,28.3,Cold
0,0.2834,28.3,Cold
0,0.2834,28.3,Cold
1,0.2834,28.3,Cold
1,0.2834,28.3,Cold
0,0.2834,28.3,Cold
0,0.2834,28.3,Cold
1,0.2834,28.3,Cold
0,0.2834,28.3,Cold
0,0.2834,28.3,Cold
0,0.2834,28.3,Cold
0,0.2834,28.3,Cold
0,0.2834,28.3,Cold
0,0.2834,28.3,Cold
1,0.2834,28.3,Cold
1,0.2834,28.3,Cold
0,0.2834,28.3,Cold
0,0.2834,28.3,Cold
0,0.2834,28.3,Cold
0,0.2834,28.3,Cold
0,0.2834,28.3,Cold
0,0.2834,28.3,Cold
1,0.2834,28.3,Cold
0,0.2834,28.3,Cold
0,0.2834,28.3,Cold
1,0.2834,28.3,Cold
0,0.2834,28.3,Cold
1,0.2834,28.3,Cold
0,0.2834,28.3,Cold
0,0.2834,28.3,Cold
0,0.2834,28.3,Cold
0,0.2834,28.3,Cold
0,0.2834,28.3,Cold
0,0.2834,28.3,Cold
1,0.2834,28.3,Cold
0,0.2834,28.3,Cold
0,0.2834,28.3,Cold
0,0.2834,28.3,Cold
0,0.2834,28.3,Cold
1,0.2834,28.3,Cold
1,0.2834,28.3,Cold
0,0.2834,28.3,Cold
1,0.2834,28.3,Cold
1,0.2834,28.3,Cold
0,0.2834,28.3,Cold
1,0.2834,28.3,Cold
0,0.2834,28.3,Cold
0,0.2834,28.3,Cold
0,0.2834,28.3,Cold
1,0.2834,28.3,Cold
1,0.2834,28.3,Cold
0,0.2834,28.3,Cold
1,0.2834,28.3,Cold
0,0.2834,28.3,Cold
0,0.2834,28.3,Cold
1,0.2834,28.3,Cold
0,0.2834,28.3,Cold
0,0.2834,28.3,Cold
0,0.2834,28.3,Cold
0,0.2825,28.3,Cold
0,0.2834,28.3,Cold
0,0.2834,28.3,Cold
0,0.2834,28.3,Cold
0,0.2834,28.3,Cold
0,0.2834,28.3,Cold
1,0.2834,28.3,Cold
1,0.2834,28.3,Cold
1,0.2834,28.3,Cold
1,0.2834,28.3,Cold
0,0.2834,28.3,Cold
0,0.2834,28.3,Cold
0,0.2834,28.3,Cold
0,0.2834,28.3,Cold
0,0.2834,28.3,Cold
0,0.2834,28.3,Cold
0,0.2834,28.3,Cold
0,0.2834,28.3,Cold
0,0.2834,28.3,Cold
0,0.2834,28.3,Cold
0,0.2834,28.3,Cold
0,0.2834,28.3,Cold
0,0.2815,28.2,Cold
1,0.2821,28.2,Cold
1,0.2807,28.1,Cold
0,0.2813,28.1,Cold
0,0.2815,28.1,Cold
0,0.281,28.1,Cold
1,0.2813,28.1,Cold
1,0.28,28.0,Cold
0,0.28,28.0,Cold
1,0.28,28.0,Cold
0,0.28,28.0,Cold
1,0.28,28.0,Cold
0,0.2796,28.0,Cold
1,0.28,28.0,Cold
0,0.2799,28.0,Cold
1,0.28,28.0,Cold
1,0.28,28.0,Cold
0,0.2795,28.0,Cold
0,0.2793,27.9,Cold
1,0.2789,27.9,Cold
1,0.2787,27.9,Cold
0,0.2776,27.8,Cold
0,0.2777,27.8,Cold
1,0.2777,27.8,Cold
1,0.2777,27.8,Cold
0,0.2781,27.8,Cold
0,0.2775,27.8,Cold
0,0.2769,27.7,Cold
0,0.2773,27.7,Cold
0,0.277,27.7,Cold
0,0.2769,27.7,Cold
1,0.2759,27.6,Cold
1,0.2765,27.6,Cold
1,0.2762,27.6,Cold
0,0.2761,27.6,Cold
0,0.2751,27.5,Cold
0,0.2751,27.5,Cold
0,0.2753,27.5,Cold
1,0.2743,27.4,Cold
0,0.2743,27.4,Cold
0,0.2737,27.4,Cold
1,0.2737,27.4,Cold
0,0.2735,27.3,Cold
1,0.2734,27.3,Cold
0,0.2723,27.2,Cold
0,0.272,27.2,Cold
0,0.272,27.2,Cold
0,0.2707,27.1,Cold
1,0.2705,27.1,Cold
0,0.2706,27.1,Cold
0,0.2698,27.0,Cold
0,0.2701,27.0,Cold
0,0.2689,26.9,Cold
0,0.2692,26.9,Cold
0,0.2693,26.9,Cold
1,0.2678,26.8,Cold
0,0.2685,26.8,Cold
0,0.2685,26.8,Cold
1,0.2683,26.8,Cold
0,0.2669,26.7,Cold
0,0.267,26.7,Cold
0,0.2671,26.7,Cold
1,0.2671,26.7,Cold
1,0.2674,26.7,Cold
0,0.2669,26.7,Cold
1,0.267,26.7,Cold
0,0.2661,26.6,Cold
0,0.2652,26.5,Cold
0,0.2646,26.5,Cold
0,0.2646,26.5,Cold
0,0.2653,26.5,Cold
0,0.2654,26.5,Cold
0,0.2652,26.5,Cold
0,0.2646,26.5,Cold
1,0.265,26.5,Cold
1,0.2652,26.5,Cold
0,0.2642,26.4,Cold
1,0.2638,26.4,Cold
0,0.2632,26.3,Cold
0,0.263,26.3,Cold
1,0.2617,26.2,Cold
1,0.2624,26.2,Cold
0,0.2617,26.2,Cold
1,0.2623,26.2,Cold
0,0.2617,26.2,Cold
1,0.2619,26.2,Cold
0,0.2617,26.2,Cold
0,0.2618,26.2,Cold
0,0.2607,26.1,Cold
0,0.2613,26.1,Cold
0,0.261,26.1,Cold
0,0.2612,26.1,Cold
0,0.2601,26.0,Cold
1,0.2587,25.9,Cold
0,0.2579,25.8,Cold
0,0.2576,25.8,Cold
0,0.258,25.8,Cold
0,0.2575,25.7,Cold
0,0.2572,25.7,Cold
1,0.2572,25.7,Cold
0,0.2569,25.7,Cold
0,0.2563,25.6,Cold
0,0.2557,25.6,Cold
0,0.2563,25.6,Cold
1,0.2549,25.5,Cold
0,0.2546,25.5,Cold
1,0.255,25.5,Cold
0,0.2545,25.5,Cold
0,0.2536,25.4,Cold
0,0.2541,25.4,Cold
0,0.2538,25.4,Cold
0,0.2544,25.4,Cold
0,0.2541,25.4,Cold
0,0.2544,25.4,Cold
0,0.2526,25.3,Cold
0,0.2534,25.3,Cold
0,0.2527,25.3,Cold
0,0.2528,25.3,Cold
1,0.2526,25.3,Cold
0,0.252,25.2,Cold
1,0.2517,25.2,Cold
0,0.2518,25.2,Cold
0,0.2517,25.2,Cold
0,0.2519,25.2,Cold
0,0.2518,25.2,Cold
1,0.2516,25.2,Cold
0,0.2517,25.2,Cold
0,0.2508,25.1,Cold
0,0.2511,25.1,Cold
1,0.2515,25.1,Cold
0,0.2496,25.0,Cold
0,0.2496,25.0,Cold
0,0.2492,24.9,Cold
1,0.2493,24.9,Cold
0,0.2492,24.9,Cold
0,0.2492,24.9,Cold
1,0.249,24.9,Cold
0,0.2485,24.9,Cold
1,0.2475,24.8,Cold
1,0.2477,24.8,Cold
1,0.2483,24.8,Cold
0,0.2483,24.8,Cold
0,0.247,24.7,Cold
0,0.2475,24.7,Cold
0,0.2467,24.7,Cold
0,0.2464,24.6,Cold
0,0.2459,24.6,Cold
0,0.2463,24.6,Cold
1,0.2447,24.5,Cold
0,0.2455,24.5,Cold
0,0.2447,24.5,Cold
0,0.2451,24.5,Cold
0,0.2447,24.5,Cold
0,0.2442,24.4,Cold
1,0.2439,24.4,Cold
1,0.244,24.4,Cold
1,0.244,24.4,Cold
0,0.2439,24.4,Cold
0,0.2435,24.4,Cold
1,0.2426,24.3,Cold
0,0.2425,24.3,Cold
1,0.2432,24.3,Cold
0,0.2431,24.3,Cold
0,0.2417,24.2,Cold
0,0.242,24.2,Cold
0,0.2418,24.2,Cold
0,0.2418,24.2,Cold
1,0.2418,24.2,Cold
0,0.2422,24.2,Cold
0,0.2425,24.2,Cold
0,0.2421,24.2,Cold
0,0.242,24.2,Cold
0,0.2415,24.1,Cold
1,0.241,24.1,Cold
0,0.2414,24.1,Cold
0,0.241,24.1,Cold
0,0.2412,24.1,Cold
0,0.2407,24.1,Cold
0,0.2412,24.1,Cold
0,0.241,24.1,Cold
0,0.2409,24.1,Cold
0,0.2412,24.1,Cold
1,0.2415,24.1,Cold
1,0.241,24.1,Cold
0,0.2413,24.1,Cold
0,0.2414,24.1,Cold
0,0.241,24.1,Cold
0,0.2395,24.0,Cold
0,0.2396,24.0,Cold
0,0.2403,24.0,Cold
0,0.2395,24.0,Cold
0,0.2395,24.0,Cold
0,0.2395,23.9,Cold
0,0.2392,23.9,Cold
1,0.2394,23.9,Cold
1,0.2388,23.9,Cold
0,0.2394,23.9,Cold
0,0.2387,23.9,Cold
0,0.2392,23.9,Cold
0,0.2383,23.8,Cold
0,0.2381,23.8,Cold
0,0.2381,23.8,Cold
0,0.2378,23.8,Cold
1,0.2381,23.8,Cold
1,0.2379,23.8,Cold
1,0.2377,23.8,Cold
0,0.2369,23.7,Cold
0,0.2365,23.7,Cold
0,0.237,23.7,Cold
0,0.237,23.7,Cold
0,0.2368,23.7,Cold
0,0.2366,23.7,Cold
1,0.236,23.6,Cold
0,0.2363,23.6,Cold
0,0.2355,23.6,Cold
1,0.2357,23.6,Cold
0,0.2365,23.6,Cold
0,0.2359,23.6,Cold
0,0.2363,23.6,Cold
0,0.2349,23.5,Cold
0,0.2352,23.5,Cold
0,0.2348,23.5,Cold
0,0.2352,23.5,Cold
0,0.2349,23.5,Cold
0,0.2352,23.5,Cold
0,0.2336,23.4,Cold
0,0.2339,23.4,Cold
1,0.2345,23.4,Cold
0,0.2339,23.4,Cold
0,0.2336,23.4,Cold
1,0.2342,23.4,Cold
0,0.2341,23.4,Cold
1,0.2329,23.3,Cold
0,0.2327,23.3,Cold
0,0.2325,23.3,Cold
0,0.2327,23.3,Cold
1,0.2331,23.3,Cold
0,0.2331,23.3,Cold
1,0.2326,23.3,Cold
0,0.2318,23.2,Cold
0,0.232,23.2,Cold
0,0.2323,23.2,Cold
0,0.2323,23.2,Cold
0,0.2309,23.1,Cold
1,0.2311,23.1,Cold
0,0.2312,23.1,Cold
0,0.2315,23.1,Cold
0,0.2305,23.1,Cold
1,0.2312,23.1,Cold
0,0.2305,23.1,Cold
1,0.2306,23.1,Cold
0,0.2305,23.1,Cold
0,0.2309,23.1,Cold
1,0.2295,23.0,Cold
0,0.2304,23.0,Cold
0,0.2302,23.0,Cold
0,0.2298,23.0,Cold
0,0.2292,22.9,Cold
0,0.2294,22.9,Cold
0,0.2294,22.9,Cold
0,0.2293,22.9,Cold
0,0.2287,22.9,Cold
0,0.2288,22.9,Cold
0,0.2287,22.9,Cold
0,0.2289,22.9,Cold
1,0.2286,22.9,Cold
0,0.2294,22.9,Cold
1,0.2276,22.8,Cold
0,0.2277,22.8,Cold
1,0.2277,22.8,Cold
0,0.2272,22.7,Cold
0,0.2273,22.7,Cold
0,0.2266,22.7,Cold
1,0.2273,22.7,Cold
1,0.2274,22.7,Cold
1,0.2272,22.7,Cold
1,0.2266,22.7,Cold
0,0.227,22.7,Cold
0,0.2257,22.6,Cold
0,0.2261,22.6,Cold
0,0.2261,22.6,Cold
1,0.2265,22.6,Cold
1,0.2256,22.6,Cold
1,0.2249,22.5,Cold
0,0.2246,22.5,Cold
0,0.2247,22.5,Cold
0,0.2248,22.5,Cold
1,0.2247,22.5,Cold
0,0.2245,22.5,Cold
0,0.2245,22.5,Cold
0,0.2252,22.5,Cold
1,0.2251,22.5,Cold
0,0.2247,22.5,Cold
0,0.2248,22.5,Cold
1,0.2252,22.5,Cold
0,0.224,22.4,Cold
1,0.2237,22.4,Cold
0,0.2235,22.4,Cold
0,0.2242,22.4,Cold
0,0.2242,22.4,Cold
0,0.2242,22.4,Cold
0,0.2242,22.4,Cold
1,0.224,22.4,Cold
0,0.2242,22.4,Cold
0,0.2233,22.3,Cold
0,0.223,22.3,Cold
0,0.2235,22.3,Cold
0,0.2231,22.3,Cold
0,0.2231,22.3,Cold
0,0.2221,22.2,Cold
0,0.2217,22.2,Cold
1,0.2217,22.2,Cold
0,0.2216,22.2,Cold
0,0.2224,22.2,Cold
0,0.2221,22.2,Cold
0,0.2221,22.2,Cold
1,0.2207,22.1,Cold
0,0.2214,22.1,Cold
0,0.2207,22.1,Cold
0,0.2212,22.1,Cold
0,0.2207,22.1,Cold
0,0.2215,22.1,Cold
0,0.2214,22.1,Cold
1,0.2198,22.0,Cold
0,0.2197,22.0,Cold
0,0.2196,22.0,Cold
0,0.22,22.0,Cold
0,0.2204,22.0,Cold
1,0.22,22.0,Cold
0,0.2189,21.9,Cold
0,0.2195,21.9,Cold
1,0.2186,21.9,Cold
0,0.2188,21.9,Cold
0,0.219,21.9,Cold
0,0.2194,21.9,Cold
0,0.219,21.9,Cold
0,0.2193,21.9,Cold
1,0.219,21.9,Cold
0,0.2178,21.8,Cold
0,0.2178,21.8,Cold
0,0.2185,21.8,Cold
0,0.2183,21.8,Cold
0,0.2172,21.7,Cold
0,0.2168,21.7,Cold
0,0.2175,21.7,Cold
0,0.217,21.7,Cold
0,0.2172,21.7,Cold
0,0.2172,21.7,Cold
0,0.2175,21.7,Cold
0,0.2169,21.7,Cold
0,0.2159,21.6,Cold
0,0.2155,21.6,Cold
0,0.2155,21.6,Cold
0,0.2162,21.6,Cold
0,0.2159,21.6,Cold
0,0.2149,21.5,Cold
0,0.2146,21.5,Cold
0,0.2149,21.5,Cold
0,0.2146,21.5,Cold
0,0.2147,21.5,Cold
0,0.2152,21.5,Cold
0,0.215,21.5,Cold
0,0.2154,21.5,Cold
1,0.2152,21.5,Cold
0,0.2154,21.5,Cold
0,0.2152,21.5,Cold
0,0.2149,21.5,Cold
0,0.2147,21.5,Cold
0,0.2144,21.4,Cold
1,0.2144,21.4,Cold
1,0.2143,21.4,Cold
0,0.2142,21.4,Cold
1,0.214,21.4,Cold
0,0.2137,21.4,Cold
0,0.2138,21.4,Cold
0,0.2141,21.4,Cold
0,0.2135,21.3,Cold
0,0.2132,21.3,Cold
0,0.2132,21.3,Cold
0,0.2126,21.3,Cold
0,0.2135,21.3,Cold
0,0.2135,21.3,Cold
0,0.2135,21.3,Cold
0,0.2135,21.3,Cold
0,0.2122,21.2,Cold
1,0.2122,21.2,Cold
0,0.2125,21.2,Cold
0,0.2116,21.2,Cold
0,0.2118,21.2,Cold
0,0.2118,21.2,Cold
0,0.2123,21.2,Cold
0,0.2123,21.2,Cold
0,0.2111,21.1,Cold
0,0.2115,21.1,Cold
0,0.2101,21.0,Cold
1,0.2099,21.0,Cold
0,0.2105,21.0,Cold
0,0.2101,21.0,Cold
0,0.2098,21.0,Cold
0,0.2101,21.0,Cold
0,0.2098,21.0,Cold
0,0.2105,21.0,Cold
0,0.2101,21.0,Cold
0,0.2095,20.9,Cold
0,0.2091,20.9,Cold
0,0.2089,20.9,Cold
0,0.2088,20.9,Cold
0,0.2086,20.9,Cold
0,0.2091,20.9,Cold
0,0.2087,20.9,Cold
0,0.2091,20.9,Cold
1,0.2088,20.9,Cold
0,0.2095,20.9,Cold
1,0.2088,20.9,Cold
0,0.2087,20.9,Cold
0,0.2092,20.9,Cold
0,0.2085,20.8,Cold
0,0.2084,20.8,Cold
0,0.2078,20.8,Cold
0,0.2081,20.8,Cold
1,0.2078,20.8,Cold
0,0.2072,20.7,Cold
1,0.2075,20.7,Cold
0,0.2073,20.7,Cold
0,0.2072,20.7,Cold
0,0.2071,20.7,Cold
0,0.2075,20.7,Cold
0,0.2065,20.7,Cold
1,0.2067,20.7,Cold
0,0.2074,20.7,Cold
0,0.2068,20.7,Cold
0,0.2072,20.7,Cold
1,0.2067,20.7,Cold
0,0.2064,20.6,Cold
0,0.2064,20.6,Cold
0,0.206,20.6,Cold
0,0.2062,20.6,Cold
0,0.2055,20.6,Cold
0,0.2062,20.6,Cold
1,0.2056,20.6,Cold
0,0.2062,20.6,Cold
0,0.2065,20.6,Cold
0,0.2056,20.6,Cold
0,0.2055,20.6,Cold
1,0.2049,20.5,Cold
0,0.2053,20.5,Cold
0,0.2046,20.5,Cold
0,0.2045,20.5,Cold
0,0.2045,20.5,Cold
0,0.2049,20.5,Cold
0,0.2045,20.5,Cold
0,0.2047,20.5,Cold
1,0.2037,20.4,Cold
1,0.2042,20.4,Cold
1,0.2042,20.4,Cold
0,0.2039,20.4,Cold
1,0.2039,20.4,Cold
0,0.2035,20.4,Cold
0,0.2039,20.4,Cold
1,0.2036,20.4,Cold
0,0.2041,20.4,Cold
0,0.2039,20.4,Cold
0,0.2037,20.4,Cold
0,0.2042,20.4,Cold
0,0.2029,20.3,Cold
0,0.2026,20.3,Cold
0,0.2029,20.3,Cold
0,0.2028,20.3,Cold
0,0.2029,20.3,Cold
0,0.2028,20.3,Cold
0,0.2026,20.3,Cold
0,0.2032,20.3,Cold
0,0.2028,20.3,Cold
0,0.2034,20.3,Cold
1,0.2028,20.3,Cold
0,0.2032,20.3,Cold
0,0.2028,20.3,Cold
0,0.2022,20.2,Cold
0,0.2018,20.2,Cold
0,0.202,20.2,Cold
0,0.2017,20.2,Cold
1,0.2025,20.2,Cold
0,0.2022,20.2,Cold
1,0.2018,20.2,Cold
0,0.2025,20.2,Cold
0,0.2015,20.2,Cold
0,0.2022,20.2,Cold
0,0.2019,20.2,Cold
1,0.2021,20.2,Cold
0,0.2017,20.2,Cold
0,0.2013,20.1,Cold
0,0.201,20.1,Cold
0,0.2015,20.1,Cold
1,0.2013,20.1,Cold
0,0.2013,20.1,Cold
0,0.2,20.0,Cold
0,0.2002,20.0,Cold
0,0.2,20.0,Cold
0,0.1997,20.0,Cold
0,0.2,20.0,Cold
0,0.2003,20.0,Cold
0,0.2002,20.0,Cold
1,0.1988,19.9,Cold
0,0.1994,19.9,Cold
0,0.1988,19.9,Cold
0,0.1988,19.9,Cold
1,0.1988,19.9,Cold
0,0.1993,19.9,Cold
0,0.1988,19.9,Cold
1,0.1988,19.9,Cold
1,0.1988,19.9,Cold
0,0.1988,19.9,Cold
1,0.1988,19.9,Cold
0,0.1988,19.9,Cold
0,0.199,19.9,Cold
0,0.1988,19.9,Cold
0,0.1988,19.9,Cold
0,0.1988,19.9,Cold
0,0.1988,19.9,Cold
0,0.199,19.9,Cold
1,0.1988,19.9,Cold
0,0.1988,19.9,Cold
0,0.1987,19.9,Cold
0,0.1988,19.9,Cold
0,0.1988,19.9,Cold
0,0.1988,19.9,Cold
0,0.1986,19.9,Cold
0,0.1988,19.9,Cold
0,0.1988,19.9,Cold
0,0.1988,19.9,Cold
0,0.1988,19.9,Cold
0,0.1988,19.9,Cold
0,0.1991,19.9,Cold
1,0.1988,19.9,Cold
0,0.1988,19.9,Cold
0,0.1986,19.9,Cold
0,0.1988,19.9,Cold
0,0.1988,19.9,Cold
0,0.1988,19.9,Cold
0,0.1987,19.9,Cold
0,0.1994,19.9,Cold
0,0.1988,19.9,Cold
0,0.1984,19.8,Cold
0,0.1979,19.8,Cold
1,0.1981,19.8,Cold
1,0.1985,19.8,Cold
1,0.1984,19.8,Cold
0,0.1977,19.8,Cold
0,0.1982,19.8,Cold
0,0.1982,19.8,Cold
0,0.1984,19.8,Cold
0,0.1966,19.7,Cold
0,0.1968,19.7,Cold
0,0.1968,19.7,Cold
0,0.1968,19.7,Cold
0,0.1971,19.7,Cold
1,0.1961,19.6,Cold
0,0.1965,19.6,Cold
0,0.1959,19.6,Cold
0,0.1961,19.6,Cold
0,0.1961,19.6,Cold
0,0.1965,19.6,Cold
1,0.196,19.6,Cold
0,0.1946,19.5,Cold
0,0.1949,19.5,Cold
0,0.1946,19.5,Cold
0,0.1949,19.5,Cold
1,0.1946,19.5,Cold
0,0.1951,19.5,Cold
0,0.1954,19.5,Cold
0,0.1949,19.5,Cold
0,0.1935,19.4,Cold
1,0.1944,19.4,Cold
0,0.1936,19.4,Cold
0,0.1939,19.4,Cold
0,0.1939,19.4,Cold
0,0.1943,19.4,Cold
0,0.1939,19.4,Cold
0,0.1941,19.4,Cold
0,0.1941,19.4,Cold
0,0.1939,19.4,Cold
0,0.1945,19.4,Cold
1,0.1939,19.4,Cold
0,0.1927,19.3,Cold
0,0.1927,19.3,Cold
0,0.1927,19.3,Cold
0,0.1927,19.3,Cold
1,0.1927,19.3,Cold
0,0.1926,19.3,Cold
0,0.1926,19.3,Cold
0,0.193,19.3,Cold
0,0.1931,19.3,Cold
0,0.1933,19.3,Cold
0,0.1933,19.3,Cold
0,0.1916,19.2,Cold
0,0.1924,19.2,Cold
1,0.1919,19.2,Cold
0,0.1918,19.2,Cold
1,0.1923,19.2,Cold
0,0.192,19.2,Cold
0,0.1916,19.2,Cold
0,0.1917,19.2,Cold
1,0.1918,19.2,Cold
0,0.1921,19.2,Cold
0,0.1916,19.2,Cold
0,0.1924,19.2,Cold
0,0.1907,19.1,Cold
0,0.1914,19.1,Cold
0,0.1908,19.1,Cold
1,0.1907,19.1,Cold
0,0.1915,19.1,Cold
0,0.1908,19.1,Cold
0,0.1905,19.1,Cold
0,0.1911,19.1,Cold
0,0.1905,19.1,Cold
0,0.1915,19.1,Cold
0,0.1905,19.1,Cold
1,0.1909,19.1,Cold
0,0.1907,19.1,Cold
1,0.1905,19.1,Cold
0,0.1902,19.0,Cold
1,0.1902,19.0,Cold
0,0.1899,19.0,Cold
0,0.1899,19.0,Cold
0,0.1899,19.0,Cold
0,0.1904,19.0,Cold
0,0.1898,19.0,Cold
1,0.1896,19.0,Cold
0,0.1893,18.9,Cold
1,0.1891,18.9,Cold
0,0.1888,18.9,Cold
0,0.1887,18.9,Cold
0,0.189,18.9,Cold
0,0.1892,18.9,Cold
1,0.1885,18.9,Cold
0,0.1893,18.9,Cold
0,0.1887,18.9,Cold
0,0.1887,18.9,Cold
1,0.1887,18.9,Cold
0,0.1889,18.9,Cold
0,0.1883,18.8,Cold
0,0.188,18.8,Cold
0,0.1884,18.8,Cold
0,0.1877,18.8,Cold
0,0.1881,18.8,Cold
0,0.1877,18.8,Cold
1,0.1877,18.8,Cold
0,0.1877,18.8,Cold
0,0.1868,18.7,Cold
0,0.1868,18.7,Cold
0,0.1872,18.7,Cold
0,0.1872,18.7,Cold
1,0.1865,18.7,Cold
0,0.1871,18.7,Cold
0,0.1862,18.6,Cold
1,0.1858,18.6,Cold
1,0.1857,18.6,Cold
1,0.1858,18.6,Cold
0,0.1863,18.6,Cold
0,0.1856,18.6,Cold
0,0.1856,18.6,Cold
0,0.1856,18.6,Cold
1,0.1849,18.5,Cold
0,0.1847,18.5,Cold
0,0.1854,18.5,Cold
0,0.1847,18.5,Cold
0,0.1853,18.5,Cold
0,0.185,18.5,Cold
0,0.1847,18.5,Cold
0,0.1855,18.5,Cold
0,0.1852,18.5,Cold
0,0.185,18.5,Cold
0,0.1852,18.5,Cold
0,0.1841,18.4,Cold
0,0.1841,18.4,Cold
0,0.1841,18.4,Cold
0,0.1832,18.3,Cold
0,0.1829,18.3,Cold
0,0.1832,18.3,Cold
0,0.1835,18.3,Cold
0,0.1831,18.3,Cold
0,0.1832,18.3,Cold
0,0.1828,18.3,Cold
0,0.1826,18.3,Cold
1,0.1832,18.3,Cold
1,0.1829,18.3,Cold
0,0.1833,18.3,Cold
1,0.1832,18.3,Cold
0,0.1829,18.3,Cold
0,0.1823,18.2,Cold
0,0.182,18.2,Cold
0,0.1819,18.2,Cold
1,0.1818,18.2,Cold
0,0.1822,18.2,Cold
0,0.1818,18.2,Cold
0,0.1808,18.1,Cold
0,0.1814,18.1,Cold
0,0.1814,18.1,Cold
0,0.1808,18.1,Cold
1,0.1808,18.1,Cold
0,0.1814,18.1,Cold
1,0.1814,18.1,Cold
0,0.181,18.1,Cold
1,0.1813,18.1,Cold
0,0.1807,18.1,Cold
0,0.1796,18.0,Cold
0,0.1799,18.0,Cold
1,0.1799,18.0,Cold
0,0.1798,18.0,Cold
0,0.1795,18.0,Cold
1,0.1802,18.0,Cold
1,0.1805,18.0,Cold
0,0.1797,18.0,Cold
0,0.1805,18.0,Cold
1,0.1803,18.0,Cold
0,0.1802,18.0,Cold
1,0.1805,18.0,Cold
1,0.1787,17.9,Cold
0,0.1786,17.9,Cold
0,0.1789,17.9,Cold
1,0.1792,17.9,Cold
1,0.1789,17.9,Cold
0,0.1792,17.9,Cold
1,0.1775,17.8,Cold
0,0.1781,17.8,Cold
0,0.1778,17.8,Cold
0,0.1782,17.8,Cold
0,0.1779,17.8,Cold
0,0.1783,17.8,Cold
1,0.1781,17.8,Cold
0,0.1784,17.8,Cold
0,0.1781,17.8,Cold
0,0.1785,17.8,Cold
0,0.1769,17.7,Cold
1,0.1768,17.7,Cold
0,0.1772,17.7,Cold
0,0.1769,17.7,Cold
0,0.1772,17.7,Cold
1,0.1774,17.7,Cold
0,0.1774,17.7,Cold
0,0.1766,17.7,Cold
0,0.1759,17.6,Cold
0,0.1764,17.6,Cold
0,0.1764,17.6,Cold
1,0.1764,17.6,Cold
1,0.1764,17.6,Cold
0,0.1759,17.6,Cold
0,0.1759,17.6,Cold
1,0.1761,17.6,Cold
0,0.1761,17.6,Cold
0,0.1761,17.6,Cold
0,0.1763,17.6,Cold
0,0.1761,17.6,Cold
0,0.1764,17.6,Cold
0,0.1761,17.6,Cold
0,0.1751,17.5,Cold
0,0.1752,17.5,Cold
0,0.1746,17.5,Cold
0,0.1747,17.5,Cold
0,0.1752,17.5,Cold
0,0.1749,17.5,Cold
0,0.1748,17.5,Cold
0,0.1749,17.5,Cold
0,0.1754,17.5,Cold
1,0.1749,17.5,Cold
1,0.1752,17.5,Cold
0,0.1749,17.5,Cold
0,0.1754,17.5,Cold
0,0.1752,17.5,Cold
0,0.1753,17.5,Cold
0,0.175,17.5,Cold
1,0.1746,17.5,Cold
0,0.1745,17.5,Cold
1,0.1754,17.5,Cold
1,0.1754,17.5,Cold
0,0.1737,17.4,Cold
1,0.1735,17.4,Cold
0,0.1742,17.4,Cold
0,0.1743,17.4,Cold
0,0.1742,17.4,Cold
0,0.1741,17.4,Cold
0,0.1737,17.4,Cold
0,0.1741,17.4,Cold
1,0.1745,17.4,Cold
0,0.1735,17.4,Cold
0,0.174,17.4,Cold
0,0.1735,17.4,Cold
0,0.1726,17.3,Cold
0,0.1725,17.3,Cold
0,0.1729,17.3,Cold
1,0.1735,17.3,Cold
1,0.1735,17.3,Cold
0,0.1728,17.3,Cold
1,0.1732,17.3,Cold
0,0.1729,17.3,Cold
0,0.1732,17.3,Cold
1,0.1729,17.3,Cold
0,0.1717,17.2,Cold
1,0.1724,17.2,Cold
0,0.172,17.2,Cold
0,0.172,17.2,Cold
0,0.1717,17.2,Cold
0,0.1715,17.1,Cold
0,0.1705,17.1,Cold
0,0.171,17.1,Cold
1,0.1709,17.1,Cold
0,0.1706,17.1,Cold
0,0.1714,17.1,Cold
0,0.1709,17.1,Cold
0,0.1711,17.1,Cold
0,0.1713,17.1,Cold
0,0.1714,17.1,Cold
0,0.1709,17.1,Cold
0,0.1709,17.1,Cold
0,0.1708,17.1,Cold
0,0.1702,17.0,Cold
0,0.1702,17.0,Cold
0,0.1705,17.0,Cold
0,0.1703,17.0,Cold
0,0.1697,17.0,Cold
0,0.1696,17.0,Cold
0,0.1699,17.0,Cold
0,0.1699,17.0,Cold
0,0.17,17.0,Cold
0,0.1696,17.0,Cold
0,0.1703,17.0,Cold
0,0.1703,17.0,Cold
1,0.1697,17.0,Cold
0,0.1697,17.0,Cold
0,0.1696,17.0,Cold
0,0.1697,17.0,Cold
0,0.1687,16.9,Cold
0,0.1686,16.9,Cold
1,0.1695,16.9,Cold
0,0.1692,16.9,Cold
0,0.1692,16.9,Cold
0,0.1686,16.9,Cold
0,0.169,16.9,Cold
0,0.1687,16.9,Cold
0,0.1694,16.9,Cold
0,0.1693,16.9,Cold
0,0.1678,16.8,Cold
0,0.1677,16.8,Cold
0,0.1683,16.8,Cold
0,0.168,16.8,Cold
0,0.1683,16.8,Cold
0,0.1682,16.8,Cold
0,0.1679,16.8,Cold
0,0.168,16.8,Cold
0,0.1681,16.8,Cold
0,0.1678,16.8,Cold
0,0.1683,16.8,Cold
0,0.168,16.8,Cold
0,0.1678,16.8,Cold
0,0.1683,16.8,Cold
0,0.1678,16.8,Cold
0,0.1676,16.8,Cold
0,0.1678,16.8,Cold
0,0.1685,16.8,Cold
0,0.1678,16.8,Cold
0,0.1666,16.7,Cold
0,0.167,16.7,Cold
0,0.1669,16.7,Cold
0,0.1669,16.7,Cold
0,0.1672,16.7,Cold
1,0.1669,16.7,Cold
0,0.1666,16.7,Cold
0,0.1675,16.7,Cold
0,0.1666,16.7,Cold
0,0.1668,16.7,Cold
0,0.1672,16.7,Cold
0,0.1675,16.7,Cold
1,0.1659,16.6,Cold
0,0.1658,16.6,Cold
0,0.1664,16.6,Cold
0,0.1664,16.6,Cold
1,0.1661,16.6,Cold
0,0.1658,16.6,Cold
0,0.1664,16.6,Cold
0,0.1661,16.6,Cold
0,0.1661,16.6,Cold
0,0.1652,16.5,Cold
0,0.1648,16.5,Cold
0,0.1647,16.5,Cold
0,0.1647,16.5,Cold
0,0.1647,16.5,Cold
0,0.165,16.5,Cold
0,0.1652,16.5,Cold
1,0.1646,16.5,Cold
0,0.1647,16.5,Cold
0,0.1652,16.5,Cold
0,0.1636,16.4,Cold
0,0.1638,16.4,Cold
0,0.1644,16.4,Cold
0,0.1636,16.4,Cold
0,0.1636,16.4,Cold
0,0.1643,16.4,Cold
0,0.1644,16.4,Cold
0,0.1645,16.4,Cold
0,0.1639,16.4,Cold
1,0.1636,16.4,Cold
0,0.1625,16.3,Cold
0,0.1633,16.3,Cold
0,0.1627,16.3,Cold
1,0.1628,16.3,Cold
0,0.1628,16.3,Cold
1,0.1631,16.3,Cold
1,0.1634,16.3,Cold
0,0.1616,16.2,Cold
0,0.1625,16.2,Cold
0,0.1624,16.2,Cold
0,0.1618,16.2,Cold
0,0.1622,16.2,Cold
1,0.1619,16.2,Cold
0,0.1616,16.2,Cold
0,0.1624,16.2,Cold
0,0.1625,16.2,Cold
0,0.1617,16.2,Cold
1,0.1618,16.2,Cold
1,0.162,16.2,Cold
0,0.1617,16.2,Cold
0,0.161,16.1,Cold
1,0.1613,16.1,Cold
0,0.1611,16.1,Cold
0,0.1614,16.1,Cold
0,0.1609,16.1,Cold
1,0.1609,16.1,Cold
0,0.1606,16.1,Cold
0,0.1614,16.1,Cold
1,0.1613,16.1,Cold
0,0.1609,16.1,Cold
0,0.1612,16.1,Cold
0,0.1614,16.1,Cold
0,0.1608,16.1,Cold
1,0.1601,16.0,Cold
0,0.1598,16.0,Cold
0,0.1603,16.0,Cold
0,0.1598,16.0,Cold
0,0.1605,16.0,Cold
0,0.16,16.0,Cold
0,0.1598,16.0,Cold
0,0.16,16.0,Cold
0,0.1603,16.0,Cold
0,0.1604,16.0,Cold
0,0.1598,16.0,Cold
0,0.1601,16.0,Cold
0,0.1599,16.0,Cold
1,0.1599,16.0,Cold
0,0.1602,16.0,Cold
1,0.1592,15.9,Cold
0,0.1586,15.9,Cold
1,0.159,15.9,Cold
0,0.1587,15.9,Cold
0,0.1592,15.9,Cold
0,0.1592,15.9,Cold
0,0.1586,15.9,Cold
0,0.1594,15.9,Cold
1,0.1594,15.9,Cold
0,0.1587,15.9,Cold
0,0.1592,15.9,Cold
0,0.1584,15.8,Cold
0,0.1584,15.8,Cold
0,0.1581,15.8,Cold
0,0.1583,15.8,Cold
0,0.1576,15.8,Cold
0,0.1584,15.8,Cold
0,0.1578,15.8,Cold
0,0.1581,15.8,Cold
0,0.1584,15.8,Cold
0,0.1577,15.8,Cold
0,0.1584,15.8,Cold
0,0.1579,15.8,Cold
0,0.1584,15.8,Cold
0,0.1568,15.7,Cold
1,0.1574,15.7,Cold
0,0.157,15.7,Cold
0,0.1574,15.7,Cold
0,0.1568,15.7,Cold
0,0.1569,15.7,Cold
0,0.1567,15.7,Cold
0,0.1571,15.7,Cold
1,0.1566,15.7,Cold
0,0.1571,15.7,Cold
0,0.1565,15.7,Cold
0,0.1571,15.7,Cold
0,0.1571,15.7,Cold
0,0.1566,15.7,Cold
0,0.1568,15.7,Cold
0,0.1573,15.7,Cold
0,0.1572,15.7,Cold
0,0.1568,15.7,Cold
0,0.1558,15.6,Cold
0,0.1555,15.6,Cold
1,0.1555,15.6,Cold
0,0.1562,15.6,Cold
0,0.1565,15.6,Cold
0,0.156,15.6,Cold
0,0.1556,15.6,Cold
1,0.1563,15.6,Cold
0,0.1555,15.6,Cold
0,0.1558,15.6,Cold
0,0.1555,15.6,Cold
0,0.1563,15.6,Cold
1,0.1561,15.6,Cold
0,0.1555,15.6,Cold
0,0.156,15.6,Cold
1,0.1557,15.6,Cold
0,0.1558,15.6,Cold
1,0.1561,15.6,Cold
0,0.1563,15.6,Cold
0,0.156,15.6,Cold
0,0.156,15.6,Cold
0,0.1561,15.6,Cold
0,0.1562,15.6,Cold
0,0.1548,15.5,Cold
0,0.1549,15.5,Cold
0,0.155,15.5,Cold
0,0.1546,15.5,Cold
0,0.1545,15.5,Cold
0,0.1551,15.5,Cold
0,0.155,15.5,Cold
0,0.1545,15.5,Cold
0,0.1552,15.5,Cold
0,0.1546,15.5,Cold
1,0.1546,15.5,Cold
0,0.1549,15.5,Cold
0,0.1547,15.5,Cold
1,0.155,15.5,Cold
0,0.1542,15.4,Cold
0,0.1539,15.4,Cold
0,0.1542,15.4,Cold
0,0.1542,15.4,Cold
0,0.1539,15.4,Cold
0,0.1537,15.4,Cold
0,0.1544,15.4,Cold
1,0.1537,15.4,Cold
0,0.1536,15.4,Cold
0,0.1536,15.4,Cold
0,0.1544,15.4,Cold
0,0.1536,15.4,Cold
0,0.1544,15.4,Cold
0,0.1544,15.4,Cold
0,0.1545,15.4,Cold
1,0.1544,15.4,Cold
0,0.1541,15.4,Cold
0,0.1539,15.4,Cold
0,0.1539,15.4,Cold
0,0.1535,15.3,Cold
0,0.1533,15.3,Cold
0,0.1532,15.3,Cold
0,0.1528,15.3,Cold
0,0.1527,15.3,Cold
1,0.1529,15.3,Cold
0,0.1526,15.3,Cold
0,0.1532,15.3,Cold
0,0.1534,15.3,Cold
0,0.1534,15.3,Cold
0,0.1529,15.3,Cold
0,0.152,15.2,Cold
1,0.1523,15.2,Cold
0,0.1515,15.2,Cold
0,0.1518,15.2,Cold
0,0.1522,15.2,Cold
0,0.1516,15.2,Cold
0,0.1523,15.2,Cold
0,0.1516,15.2,Cold
0,0.1516,15.2,Cold
1,0.1524,15.2,Cold
1,0.1521,15.2,Cold
0,0.1521,15.2,Cold
0,0.1518,15.2,Cold
0,0.1511,15.1,Cold
0,0.1507,15.1,Cold
0,0.1511,15.1,Cold
0,0.1512,15.1,Cold
0,0.1511,15.1,Cold
0,0.1508,15.1,Cold
1,0.1508,15.1,Cold
0,0.1509,15.1,Cold
0,0.1506,15.1,Cold
0,0.1509,15.1,Cold
0,0.1515,15.1,Cold
0,0.1496,15.0,Cold
0,0.15,15.0,Cold
0,0.1495,15.0,Cold
0,0.1502,15.0,Cold
1,0.1505,15.0,Cold
0,0.15,15.0,Cold
0,0.1497,15.0,Cold
0,0.1503,15.0,Cold
0,0.1498,15.0,Cold
0,0.1495,15.0,Cold
0,0.1501,15.0,Cold
0,0.1496,15.0,Cold
0,0.1499,15.0,Cold
0,0.1497,15.0,Cold
0,0.1495,15.0,Cold
0,0.1495,15.0,Cold
0,0.1503,15.0,Cold
0,0.15,15.0,Cold
0,0.1488,14.9,Cold
0,0.1487,14.9,Cold
0,0.1493,14.9,Cold
0,0.1488,14.9,Cold
0,0.1485,14.9,Cold
0,0.1493,14.9,Cold
0,0.149,14.9,Cold
0,0.1487,14.9,Cold
1,0.1488,14.9,Cold
0,0.1495,14.9,Cold
0,0.1493,14.9,Cold
0,0.1485,14.9,Cold
0,0.1495,14.9,Cold
0,0.1493,14.9,Cold
0,0.1485,14.9,Cold
0,0.149,14.9,Cold
0,0.1493,14.9,Cold
0,0.1494,14.9,Cold
0,0.1483,14.8,Cold
0,0.1477,14.8,Cold
0,0.1481,14.8,Cold
0,0.1477,14.8,Cold
0,0.1478,14.8,Cold
0,0.1476,14.8,Cold
0,0.1484,14.8,Cold
0,0.1478,14.8,Cold
0,0.1479,14.8,Cold
0,0.1483,14.8,Cold
0,0.1484,14.8,Cold
0,0.1465,14.7,Cold
0,0.1473,14.7,Cold
0,0.147,14.7,Cold
0,0.1467,14.7,Cold
0,0.1467,14.7,Cold
1,0.1472,14.7,Cold
1,0.1466,14.7,Cold
0,0.1472,14.7,Cold
0,0.1467,14.7,Cold
1,0.1474,14.7,Cold
0,0.1473,14.7,Cold
0,0.1457,14.6,Cold
1,0.146,14.6,Cold
0,0.1459,14.6,Cold
0,0.1457,14.6,Cold
1,0.146,14.6,Cold
1,0.146,14.6,Cold
0,0.1462,14.6,Cold
0,0.146,14.6,Cold
0,0.1465,14.6,Cold
0,0.1465,14.6,Cold
0,0.1457,14.6,Cold
1,0.1465,14.6,Cold
0,0.1456,14.6,Cold
0,0.146,14.6,Cold
0,0.1456,14.6,Cold
0,0.1464,14.6,Cold
0,0.1457,14.6,Cold
0,0.1465,14.6,Cold
0,0.1452,14.5,Cold
0,0.1452,14.5,Cold
0,0.1449,14.5,Cold
0,0.1447,14.5,Cold
0,0.1451,14.5,Cold
0,0.1453,14.5,Cold
0,0.145,14.5,Cold
0,0.1452,14.5,Cold
0,0.144,14.4,Cold
0,0.1439,14.4,Cold
0,0.1437,14.4,Cold
0,0.1441,14.4,Cold
0,0.1445,14.4,Cold
0,0.1435,14.4,Cold
0,0.1439,14.4,Cold
0,0.1437,14.4,Cold
1,0.1438,14.4,Cold
0,0.144,14.4,Cold
0,0.1442,14.4,Cold
0,0.1441,14.4,Cold
0,0.1441,14.4,Cold
1,0.1442,14.4,Cold
0,0.1437,14.4,Cold
0,0.1428,14.3,Cold
0,0.1435,14.3,Cold
0,0.1433,14.3,Cold
0,0.1427,14.3,Cold
0,0.1431,14.3,Cold
0,0.1435,14.3,Cold
0,0.1429,14.3,Cold
0,0.1429,14.3,Cold
1,0.143,14.3,Cold
0,0.1428,14.3,Cold
0,0.1431,14.3,Cold
1,0.1434,14.3,Cold
0,0.1432,14.3,Cold
0,0.143,14.3,Cold
1,0.1419,14.2,Cold
0,0.1418,14.2,Cold
0,0.1416,14.2,Cold
0,0.1419,14.2,Cold
0,0.1419,14.2,Cold
0,0.1423,14.2,Cold
0,0.1424,14.2,Cold
0,0.1416,14.2,Cold
0,0.1418,14.2,Cold
0,0.1423,14.2,Cold
0,0.1409,14.1,Cold
0,0.1408,14.1,Cold
0,0.1413,14.1,Cold
0,0.1412,14.1,Cold
0,0.1411,14.1,Cold
0,0.1411,14.1,Cold
0,0.1409,14.1,Cold
1,0.1413,14.1,Cold
0,0.1406,14.1,Cold
0,0.1411,14.1,Cold
1,0.1408,14.1,Cold
0,0.1406,14.1,Cold
0,0.141,14.1,Cold
0,0.1413,14.1,Cold
0,0.141,14.1,Cold
0,0.1406,14.1,Cold
0,0.1406,14.1,Cold
0,0.1406,14.1,Cold
0,0.1401,14.0,Cold
0,0.1404,14.0,Cold
0,0.1403,14.0,Cold
1,0.1401,14.0,Cold
0,0.1396,14.0,Cold
0,0.1398,14.0,Cold
0,0.1401,14.0,Cold
0,0.1389,13.9,Cold
0,0.139,13.9,Cold
0,0.1386,13.9,Cold
0,0.1388,13.9,Cold
1,0.1388,13.9,Cold
1,0.1391,13.9,Cold
0,0.1386,13.9,Cold
0,0.1386,13.9,Cold
0,0.1392,13.9,Cold
1,0.1389,13.9,Cold
1,0.139,13.9,Cold
0,0.1385,13.9,Cold
0,0.1393,13.9,Cold
0,0.139,13.9,Cold
0,0.139,13.9,Cold
0,0.1393,13.9,Cold
1,0.1391,13.9,Cold
0,0.1393,13.9,Cold
1,0.138,13.8,Cold
0,0.1384,13.8,Cold
0,0.1381,13.8,Cold
0,0.138,13.8,Cold
0,0.1377,13.8,Cold
0,0.138,13.8,Cold
0,0.138,13.8,Cold
0,0.138,13.8,Cold
0,0.1378,13.8,Cold
0,0.138,13.8,Cold
0,0.138,13.8,Cold
0,0.1377,13.8,Cold
1,0.1377,13.8,Cold
0,0.1377,13.8,Cold
1,0.138,13.8,Cold
0,0.1379,13.8,Cold
0,0.138,13.8,Cold
0,0.138,13.8,Cold
0,0.138,13.8,Cold
0,0.1381,13.8,Cold
0,0.138,13.8,Cold
1,0.138,13.8,Cold
1,0.138,13.8,Cold
0,0.1383,13.8,Cold
1,0.138,13.8,Cold
0,0.138,13.8,Cold
0,0.1382,13.8,Cold
0,0.1381,13.8,Cold
0,0.138,13.8,Cold
0,0.138,13.8,Cold
0,0.1378,13.8,Cold
0,0.138,13.8,Cold
0,0.1379,13.8,Cold
0,0.1377,13.8,Cold
0,0.138,13.8,Cold
0,0.138,13.8,Cold
1,0.1377,13.8,Cold
1,0.138,13.8,Cold
0,0.1384,13.8,Cold
1,0.1384,13.8,Cold
0,0.138,13.8,Cold
0,0.1366,13.7,Cold
0,0.1374,13.7,Cold
0,0.1366,13.7,Cold
0,0.1374,13.7,Cold
0,0.1371,13.7,Cold
0,0.1367,13.7,Cold
0,0.1367,13.7,Cold
0,0.1375,13.7,Cold
0,0.1365,13.7,Cold
0,0.1369,13.7,Cold
0,0.1372,13.7,Cold
0,0.1369,13.7,Cold
0,0.1371,13.7,Cold
0,0.1373,13.7,Cold
1,0.1357,13.6,Cold
0,0.136,13.6,Cold
0,0.136,13.6,Cold
0,0.1362,13.6,Cold
0,0.1365,13.6,Cold
0,0.1355,13.6,Cold
1,0.1358,13.6,Cold
0,0.1355,13.6,Cold
1,0.1365,13.6,Cold
1,0.1358,13.6,Cold
0,0.136,13.6,Cold
0,0.136,13.6,Cold
0,0.1357,13.6,Cold
0,0.136,13.6,Cold
0,0.136,13.6,Cold
0,0.136,13.6,Cold
1,0.1358,13.6,Cold
0,0.1362,13.6,Cold
0,0.1355,13.6,Cold
0,0.1365,13.6,Cold
0,0.1351,13.5,Cold
0,0.1352,13.5,Cold
0,0.1352,13.5,Cold
0,0.1349,13.5,Cold
0,0.1353,13.5,Cold
0,0.1348,13.5,Cold
0,0.1354,13.5,Cold
0,0.1346,13.5,Cold
0,0.135,13.5,Cold
0,0.1345,13.5,Cold
0,0.1351,13.5,Cold
0,0.1348,13.5,Cold
0,0.1346,13.5,Cold
0,0.135,13.5,Cold
0,0.1348,13.5,Cold
0,0.1348,13.5,Cold
0,0.1353,13.5,Cold
0,0.1337,13.4,Cold
0,0.1341,13.4,Cold
0,0.1344,13.4,Cold
0,0.1344,13.4,Cold
0,0.1338,13.4,Cold
0,0.1341,13.4,Cold
0,0.1339,13.4,Cold
0,0.1345,13.4,Cold
0,0.1335,13.3,Cold
0,0.133,13.3,Cold
0,0.133,13.3,Cold
0,0.1329,13.3,Cold
1,0.1333,13.3,Cold
0,0.1335,13.3,Cold
0,0.133,13.3,Cold
0,0.1328,13.3,Cold
1,0.1326,13.3,Cold
0,0.133,13.3,Cold
0,0.133,13.3,Cold
0,0.133,13.3,Cold
0,0.1327,13.3,Cold
0,0.1332,13.3,Cold
0,0.1331,13.3,Cold
0,0.1332,13.3,Cold
0,0.1329,13.3,Cold
0,0.133,13.3,Cold
0,0.1327,13.3,Cold
0,0.1327,13.3,Cold
0,0.1331,13.3,Cold
0,0.1323,13.2,Cold
0,0.1317,13.2,Cold
0,0.132,13.2,Cold
0,0.1316,13.2,Cold
1,0.1325,13.2,Cold
0,0.1321,13.2,Cold
0,0.1322,13.2,Cold
0,0.1318,13.2,Cold
0,0.1318,13.2,Cold
0,0.1317,13.2,Cold
0,0.1323,13.2,Cold
0,0.1323,13.2,Cold
0,0.1316,13.2,Cold
0,0.1316,13.2,Cold
1,0.1316,13.2,Cold
0,0.1322,13.2,Cold
0,0.1324,13.2,Cold
0,0.1317,13.2,Cold
0,0.131,13.1,Cold
0,0.1311,13.1,Cold
0,0.1311,13.1,Cold
0,0.1313,13.1,Cold
0,0.1311,13.1,Cold
1,0.1307,13.1,Cold
0,0.1311,13.1,Cold
0,0.1307,13.1,Cold
0,0.1306,13.1,Cold
0,0.1308,13.1,Cold
0,0.1311,13.1,Cold
0,0.1312,13.1,Cold
0,0.1312,13.1,Cold
0,0.1311,13.1,Cold
1,0.1302,13.0,Cold
1,0.1297,13.0,Cold
0,0.1297,13.0,Cold
0,0.1304,13.0,Cold
0,0.1301,13.0,Cold
0,0.1301,13.0,Cold
1,0.1303,13.0,Cold
0,0.1302,13.0,Cold
0,0.1298,13.0,Cold
0,0.13,13.0,Cold
0,0.1299,13.0,Cold
1,0.1304,13.0,Cold
1,0.1295,13.0,Cold
0,0.1299,13.0,Cold
0,0.1297,13.0,Cold
1,0.1301,13.0,Cold
0,0.1295,13.0,Cold
0,0.1305,13.0,Cold
0,0.1299,13.0,Cold
0,0.1297,13.0,Cold
0,0.1302,13.0,Cold
0,0.1287,12.9,Cold
0,0.1292,12.9,Cold
0,0.1293,12.9,Cold
0,0.1287,12.9,Cold
0,0.1291,12.9,Cold
0,0.1291,12.9,Cold
0,0.1293,12.9,Cold
0,0.1292,12.9,Cold
0,0.1277,12.8,Cold
0,0.1277,12.8,Cold
1,0.1276,12.8,Cold
0,0.1279,12.8,Cold
0,0.1278,12.8,Cold
0,0.1279,12.8,Cold
0,0.1282,12.8,Cold
0,0.1279,12.8,Cold
0,0.1284,12.8,Cold
0,0.1279,12.8,Cold
0,0.1284,12.8,Cold
0,0.1277,12.8,Cold
0,0.1282,12.8,Cold
0,0.1266,12.7,Cold
0,0.1272,12.7,Cold
0,0.1273,12.7,Cold
0,0.1274,12.7,Cold
0,0.1265,12.7,Cold
0,0.1266,12.7,Cold
0,0.1268,12.7,Cold
1,0.1265,12.7,Cold
0,0.1269,12.7,Cold
0,0.1273,12.7,Cold
0,0.1273,12.7,Cold
0,0.1266,12.7,Cold
0,0.1272,12.7,Cold
0,0.1268,12.7,Cold
0,0.1267,12.7,Cold
0,0.127,12.7,Cold
1,0.127,12.7,Cold
0,0.1269,12.7,Cold
0,0.1265,12.7,Cold
0,0.127,12.7,Cold
0,0.1275,12.7,Cold
0,0.1275,12.7,Cold
0,0.1273,12.7,Cold
0,0.127,12.7,Cold
0,0.1266,12.7,Cold
0,0.1265,12.7,Cold
0,0.1261,12.6,Cold
0,0.1262,12.6,Cold
0,0.1262,12.6,Cold
0,0.1264,12.6,Cold
0,0.1264,12.6,Cold
0,0.1264,12.6,Cold
0,0.1262,12.6,Cold
0,0.1258,12.6,Cold
0,0.1263,12.6,Cold
0,0.1264,12.6,Cold
0,0.1261,12.6,Cold
1,0.1262,12.6,Cold
1,0.1263,12.6,Cold
0,0.1254,12.5,Cold
0,0.1254,12.5,Cold
0,0.1253,12.5,Cold
0,0.1248,12.5,Cold
1,0.1254,12.5,Cold
0,0.1246,12.5,Cold
1,0.1255,12.5,Cold
0,0.1254,12.5,Cold
0,0.1254,12.5,Cold
0,0.1254,12.5,Cold
1,0.1255,12.5,Cold
1,0.125,12.5,Cold
0,0.1252,12.5,Cold
0,0.1246,12.5,Cold
0,0.1252,12.5,Cold
0,0.1249,12.5,Cold
0,0.1248,12.5,Cold
0,0.1254,12.5,Cold
0,0.1254,12.5,Cold
0,0.1242,12.4,Cold
1,0.1235,12.4,Cold
1,0.1243,12.4,Cold
0,0.1242,12.4,Cold
0,0.1241,12.4,Cold
0,0.1237,12.4,Cold
1,0.1237,12.4,Cold
0,0.1235,12.4,Cold
0,0.124,12.4,Cold
0,0.1235,12.4,Cold
0,0.1237,12.4,Cold
1,0.1242,12.4,Cold
1,0.1237,12.4,Cold
0,0.1235,12.4,Cold
0,0.1241,12.4,Cold
0,0.124,12.4,Cold
1,0.1243,12.4,Cold
0,0.124,12.4,Cold
0,0.1242,12.4,Cold
0,0.1236,12.4,Cold
0,0.1244,12.4,Cold
0,0.1244,12.4,Cold
0,0.1236,12.4,Cold
0,0.124,12.4,Cold
0,0.1241,12.4,Cold
0,0.1242,12.4,Cold
0,0.1239,12.4,Cold
0,0.1233,12.3,Cold
0,0.1231,12.3,Cold
0,0.1226,12.3,Cold
0,0.1233,12.3,Cold
0,0.1234,12.3,Cold
0,0.1229,12.3,Cold
0,0.1227,12.3,Cold
0,0.1234,12.3,Cold
0,0.1229,12.3,Cold
0,0.1234,12.3,Cold
0,0.1227,12.3,Cold
0,0.1233,12.3,Cold
0,0.1231,12.3,Cold
0,0.1235,12.3,Cold
0,0.1232,12.3,Cold
0,0.1231,12.3,Cold
0,0.1226,12.3,Cold
0,0.1233,12.3,Cold
0,0.1231,12.3,Cold
0,0.1229,12.3,Cold
1,0.1233,12.3,Cold
0,0.1232,12.3,Cold
0,0.1232,12.3,Cold
0,0.1226,12.3,Cold
0,0.1231,12.3,Cold
1,0.1231,12.3,Cold
0,0.1215,12.2,Cold
0,0.1215,12.2,Cold
0,0.1215,12.2,Cold
0,0.1219,12.2,Cold
0,0.1215,12.2,Cold
0,0.1215,12.2,Cold
0,0.1215,12.2,Cold
0,0.1215,12.2,Cold
0,0.1215,12.2,Cold
0,0.1215,12.2,Cold
0,0.1215,12.2,Cold
0,0.1215,12.2,Cold
0,0.1215,12.2,Cold
0,0.1215,12.2,Cold
0,0.1215,12.2,Cold
0,0.1215,12.2,Cold
0,0.1215,12.2,Cold
0,0.1215,12.2,Cold
0,0.1215,12.2,Cold
0,0.1215,12.2,Cold
0,0.1215,12.2,Cold
0,0.1215,12.2,Cold
0,0.1215,12.2,Cold
0,0.1215,12.2,Cold
0,0.1215,12.2,Cold
0,0.1215,12.2,Cold
0,0.1215,12.2,Cold
0,0.1215,12.2,Cold
0,0.1215,12.2,Cold
1,0.1215,12.2,Cold
0,0.1215,12.2,Cold
0,0.1215,12.2,Cold
0,0.1215,12.2,Cold
1,0.1215,12.2,Cold
0,0.1215,12.2,Cold
0,0.1215,12.2,Cold
0,0.1215,12.2,Cold
0,0.1215,12.2,Cold
0,0.1215,12.2,Cold
0,0.1215,12.2,Cold
0,0.1215,12.2,Cold
0,0.1215,12.2,Cold
0,0.1215,12.2,Cold
0,0.1215,12.2,Cold
0,0.1215,12.2,Cold
0,0.1219,12.2,Cold
0,0.1219,12.2,Cold
0,0.1215,12.2,Cold
0,0.1215,12.2,Cold
0,0.1224,12.2,Cold
0,0.1224,12.2,Cold
0,0.1215,12.2,Cold
0,0.1215,12.2,Cold
0,0.1215,12.2,Cold
0,0.1215,12.2,Cold
0,0.122,12.2,Cold
0,0.1215,12.2,Cold
0,0.1215,12.2,Cold
0,0.1215,12.2,Cold
0,0.1215,12.2,Cold
0,0.1215,12.2,Cold
0,0.1215,12.2,Cold
0,0.1219,12.2,Cold
0,0.1219,12.2,Cold
0,0.1215,12.2,Cold
0,0.1215,12.2,Cold
0,0.1215,12.2,Cold
0,0.1215,12.2,Cold
0,0.1215,12.2,Cold
0,0.1216,12.2,Cold
0,0.1218,12.2,Cold
0,0.1215,12.2,Cold
0,0.1215,12.2,Cold
0,0.1215,12.2,Cold
0,0.1215,12.2,Cold
0,0.1215,12.2,Cold
0,0.1215,12.2,Cold
0,0.1215,12.2,Cold
0,0.1215,12.2,Cold
0,0.1215,12.2,Cold
0,0.1215,12.2,Cold
0,0.1215,12.2,Cold
0,0.1215,12.2,Cold
0,0.1215,12.2,Cold
0,0.1215,12.2,Cold
1,0.1215,12.2,Cold
0,0.1215,12.2,Cold
1,0.122,12.2,Cold
0,0.1215,12.2,Cold
0,0.1215,12.2,Cold
0,0.1215,12.2,Cold
0,0.1221,12.2,Cold
0,0.1215,12.2,Cold
0,0.1215,12.2,Cold
0,0.1215,12.2,Cold
0,0.1215,12.2,Cold
0,0.1215,12.2,Cold
0,0.1222,12.2,Cold
0,0.1218,12.2,Cold
0,0.1215,12.2,Cold
0,0.1215,12.2,Cold
0,0.1215,12.2,Cold
0,0.1215,12.2,Cold
0,0.1215,12.2,Cold
0,0.1215,12.2,Cold
0,0.1215,12.2,Cold
0,0.1215,12.2,Cold
0,0.1215,12.2,Cold
0,0.1215,12.2,Cold
0,0.1215,12.2,Cold
0,0.1215,12.2,Cold
1,0.1215,12.2,Cold
0,0.1215,12.2,Cold
0,0.1215,12.2,Cold
1,0.1215,12.2,Cold
0,0.1215,12.2,Cold
0,0.1215,12.2,Cold
0,0.1215,12.2,Cold
0,0.1215,12.2,Cold
0,0.1215,12.2,Cold
0,0.1215,12.2,Cold
1,0.1215,12.2,Cold
0,0.1215,12.2,Cold
0,0.1215,12.2,Cold
0,0.1215,12.2,Cold
0,0.1215,12.2,Cold
0,0.1215,12.2,Cold
0,0.1215,12.2,Cold
0,0.1215,12.2,Cold
0,0.1215,12.2,Cold
0,0.1215,12.2,Cold
0,0.1215,12.2,Cold
0,0.1219,12.2,Cold
0,0.1215,12.2,Cold
0,0.1215,12.2,Cold
0,0.1215,12.2,Cold
0,0.1215,12.2,Cold
0,0.1215,12.2,Cold
0,0.1215,12.2,Cold
0,0.1215,12.2,Cold
0,0.1215,12.2,Cold
0,0.1215,12.2,Cold
0,0.1215,12.2,Cold
0,0.1215,12.2,Cold
0,0.1219,12.2,Cold
0,0.1219,12.2,Cold
0,0.1215,12.2,Cold
0,0.1215,12.2,Cold
0,0.1215,12.2,Cold
0,0.1215,12.2,Cold
1,0.1215,12.2,Cold
0,0.1215,12.2,Cold
0,0.1215,12.2,Cold
0,0.1215,12.2,Cold
0,0.1215,12.2,Cold
0,0.1215,12.2,Cold
0,0.1215,12.2,Cold
1,0.1215,12.2,Cold
0,0.1215,12.2,Cold
1,0.1215,12.2,Cold
0,0.1215,12.2,Cold
0,0.1215,12.2,Cold
0,0.1215,12.2,Cold
0,0.1215,12.2,Cold
0,0.1215,12.2,Cold
0,0.1215,12.2,Cold
1,0.1216,12.2,Cold
0,0.1215,12.2,Cold
0,0.1215,12.2,Cold
0,0.1215,12.2,Cold
0,0.1215,12.2,Cold
0,0.1215,12.2,Cold
0,0.1215,12.2,Cold
0,0.1215,12.2,Cold
0,0.1215,12.2,Cold
0,0.1215,12.2,Cold
0,0.1215,12.2,Cold
0,0.1215,12.2,Cold
0,0.1215,12.2,Cold
0,0.1215,12.2,Cold
0,0.1215,12.2,Cold
0,0.1215,12.2,Cold
0,0.1219,12.2,Cold
0,0.1215,12.2,Cold
0,0.1224,12.2,Cold
0,0.1215,12.2,Cold
0,0.1215,12.2,Cold
0,0.1215,12.2,Cold
0,0.1215,12.2,Cold
0,0.1218,12.2,Cold
0,0.1215,12.2,Cold
0,0.1215,12.2,Cold
0,0.1215,12.2,Cold
0,0.1215,12.2,Cold
0,0.1215,12.2,Cold
0,0.1219,12.2,Cold
0,0.1215,12.2,Cold
0,0.1215,12.2,Cold
0,0.1215,12.2,Cold
0,0.1215,12.2,Cold
0,0.1219,12.2,Cold
0,0.1219,12.2,Cold
0,0.1215,12.2,Cold
0,0.1215,12.2,Cold
0,0.1219,12.2,Cold
0,0.1215,12.2,Cold
0,0.1215,12.2,Cold
0,0.1215,12.2,Cold
0,0.1215,12.2,Cold
0,0.1215,12.2,Cold
0,0.1215,12.2,Cold
0,0.1215,12.2,Cold
0,0.1215,12.2,Cold
0,0.1215,12.2,Cold
0,0.1215,12.2,Cold
0,0.1215,12.2,Cold
0,0.1215,12.2,Cold
0,0.1215,12.2,Cold
0,0.1215,12.2,Cold
0,0.1215,12.2,Cold
0,0.1208,12.1,Cold
0,0.1212,12.1,Cold
0,0.1205,12.1,Cold
0,0.1207,12.1,Cold
0,0.1209,12.1,Cold
0,0.1211,12.1,Cold
0,0.1205,12.1,Cold
0,0.1205,12.1,Cold
0,0.121,12.1,Cold
0,0.1214,12.1,Cold
0,0.1211,12.1,Cold
0,0.1209,12.1,Cold
0,0.1205,12.1,Cold
0,0.1213,12.1,Cold
0,0.1209,12.1,Cold
0,0.1214,12.1,Cold
0,0.1199,12.0,Cold
0,0.1199,12.0,Cold
1,0.1201,12.0,Cold
0,0.1199,12.0,Cold
0,0.1197,12.0,Cold
0,0.1197,12.0,Cold
0,0.1197,12.0,Cold
0,0.1198,12.0,Cold
0,0.1199,12.0,Cold
0,0.1204,12.0,Cold
0,0.1193,11.9,Cold
0,0.1192,11.9,Cold
0,0.1189,11.9,Cold
0,0.1192,11.9,Cold
0,0.1192,11.9,Cold
0,0.1193,11.9,Cold
0,0.1185,11.9,Cold
0,0.1188,11.9,Cold
0,0.1188,11.9,Cold
0,0.119,11.9,Cold
0,0.1188,11.9,Cold
0,0.119,11.9,Cold
0,0.1194,11.9,Cold
0,0.1195,11.9,Cold
0,0.1188,11.9,Cold
0,0.1183,11.8,Cold
0,0.1175,11.8,Cold
0,0.118,11.8,Cold
0,0.1177,11.8,Cold
0,0.1182,11.8,Cold
0,0.1181,11.8,Cold
0,0.1184,11.8,Cold
1,0.1175,11.8,Cold
0,0.1178,11.8,Cold
0,0.1178,11.8,Cold
0,0.1178,11.8,Cold
0,0.1181,11.8,Cold
0,0.1178,11.8,Cold
0,0.1182,11.8,Cold
1,0.1178,11.8,Cold
0,0.1182,11.8,Cold
0,0.1173,11.7,Cold
0,0.1167,11.7,Cold
0,0.1172,11.7,Cold
0,0.1169,11.7,Cold
1,0.1172,11.7,Cold
0,0.1171,11.7,Cold
0,0.1171,11.7,Cold
0,0.1173,11.7,Cold
0,0.117,11.7,Cold
0,0.117,11.7,Cold
0,0.1171,11.7,Cold
0,0.116,11.6,Cold
0,0.1156,11.6,Cold
0,0.1159,11.6,Cold
0,0.1156,11.6,Cold
0,0.1157,11.6,Cold
0,0.116,11.6,Cold
0,0.116,11.6,Cold
1,0.1155,11.6,Cold
0,0.1157,11.6,Cold
0,0.1153,11.5,Cold
0,0.1147,11.5,Cold
0,0.1147,11.5,Cold
0,0.1147,11.5,Cold
0,0.1147,11.5,Cold
0,0.1147,11.5,Cold
0,0.115,11.5,Cold
0,0.1149,11.5,Cold
1,0.1143,11.4,Cold
1,0.1145,11.4,Cold
0,0.1136,11.4,Cold
0,0.1141,11.4,Cold
0,0.1138,11.4,Cold
0,0.1145,11.4,Cold
0,0.114,11.4,Cold
0,0.1141,11.4,Cold
0,0.1142,11.4,Cold
0,0.1134,11.3,Cold
0,0.1131,11.3,Cold
0,0.1131,11.3,Cold
0,0.1121,11.2,Cold
1,0.1121,11.2,Cold
0,0.1119,11.2,Cold
0,0.1119,11.2,Cold
0,0.1119,11.2,Cold
0,0.1117,11.2,Cold
0,0.1108,11.1,Cold
0,0.111,11.1,Cold
0,0.1109,11.1,Cold
0,0.1106,11.1,Cold
0,0.1113,11.1,Cold
1,0.1113,11.1,Cold
0,0.1098,11.0,Cold
0,0.1097,11.0,Cold
0,0.1098,11.0,Cold
0,0.1098,11.0,Cold
0,0.1104,11.0,Cold
0,0.1101,11.0,Cold
0,0.109,10.9,Cold
0,0.1089,10.9,Cold
0,0.1092,10.9,Cold
0,0.1085,10.9,Cold
0,0.1094,10.9,Cold
0,0.1083,10.8,Cold
0,0.1083,10.8,Cold
0,0.1083,10.8,Cold
0,0.1083,10.8,Cold
0,0.1083,10.8,Cold
0,0.1083,10.8,Cold
0,0.1083,10.8,Cold
0,0.1083,10.8,Cold
0,0.1083,10.8,Cold
0,0.1083,10.8,Cold
0,0.1083,10.8,Cold
0,0.1083,10.8,Cold
0,0.1083,10.8,Cold
0,0.1083,10.8,Cold
0,0.1083,10.8,Cold
0,0.1083,10.8,Cold
0,0.1083,10.8,Cold
0,0.1083,10.8,Cold
0,0.1083,10.8,Cold
0,0.1083,10.8,Cold
0,0.1083,10.8,Cold
0,0.1083,10.8,Cold
0,0.1083,10.8,Cold
0,0.1083,10.8,Cold
0,0.1083,10.8,Cold
0,0.1083,10.8,Cold
0,0.1083,10.8,Cold
0,0.1083,10.8,Cold
0,0.1083,10.8,Cold
0,0.1083,10.8,Cold
0,0.1083,10.8,Cold
0,0.1083,10.8,Cold
0,0.1083,10.8,Cold
0,0.1083,10.8,Cold
0,0.1083,10.8,Cold
0,0.1083,10.8,Cold
0,0.1083,10.8,Cold
1,0.1077,10.8,Cold
0,0.1083,10.8,Cold
0,0.1083,10.8,Cold
0,0.1083,10.8,Cold
0,0.1083,10.8,Cold
0,0.1083,10.8,Cold
0,0.1083,10.8,Cold
1,0.1079,10.8,Cold
1,0.1083,10.8,Cold
0,0.1083,10.8,Cold
0,0.1083,10.8,Cold
0,0.1083,10.8,Cold
0,0.1083,10.8,Cold
0,0.1083,10.8,Cold
0,0.1083,10.8,Cold
0,0.1083,10.8,Cold
0,0.1083,10.8,Cold
0,0.1083,10.8,Cold
0,0.1083,10.8,Cold
0,0.1083,10.8,Cold
0,0.1083,10.8,Cold
0,0.1083,10.8,Cold
0,0.1083,10.8,Cold
0,0.1083,10.8,Cold
0,0.1083,10.8,Cold
0,0.1083,10.8,Cold
0,0.1083,10.8,Cold
0,0.1083,10.8,Cold
0,0.1083,10.8,Cold
0,0.1083,10.8,Cold
1,0.1083,10.8,Cold
0,0.1083,10.8,Cold
0,0.1083,10.8,Cold
0,0.1083,10.8,Cold
0,0.1083,10.8,Cold
0,0.1083,10.8,Cold
0,0.1083,10.8,Cold
0,0.1083,10.8,Cold
0,0.1083,10.8,Cold
0,0.1083,10.8,Cold
1,0.1083,10.8,Cold
0,0.1083,10.8,Cold
1,0.1083,10.8,Cold
1,0.1083,10.8,Cold
0,0.1083,10.8,Cold
0,0.1083,10.8,Cold
0,0.1083,10.8,Cold
0,0.1083,10.8,Cold
1,0.1083,10.8,Cold
0,0.1083,10.8,Cold
0,0.1083,10.8,Cold
0,0.1083,10.8,Cold
0,0.1083,10.8,Cold
0,0.1083,10.8,Cold
0,0.1083,10.8,Cold
0,0.1083,10.8,Cold
0,0.1083,10.8,Cold
0,0.1083,10.8,Cold
0,0.1083,10.8,Cold
0,0.1083,10.8,Cold
0,0.1083,10.8,Cold
0,0.1083,10.8,Cold
0,0.1083,10.8,Cold
1,0.1083,10.8,Cold
0,0.1083,10.8,Cold
0,0.1083,10.8,Cold
0,0.1083,10.8,Cold
1,0.1083,10.8,Cold
0,0.1083,10.8,Cold
0,0.1083,10.8,Cold
0,0.1083,10.8,Cold
0,0.1083,10.8,Cold
0,0.1083,10.8,Cold
0,0.1083,10.8,Cold
0,0.1083,10.8,Cold
0,0.1083,10.8,Cold
0,0.1083,10.8,Cold
0,0.1083,10.8,Cold
0,0.1083,10.8,Cold
0,0.1083,10.8,Cold
0,0.1083,10.8,Cold
0,0.1083,10.8,Cold
1,0.1083,10.8,Cold
0,0.1083,10.8,Cold
0,0.1083,10.8,Cold
0,0.1083,10.8,Cold
0,0.1083,10.8,Cold
0,0.1083,10.8,Cold
0,0.1075,10.8,Cold
0,0.1083,10.8,Cold
0,0.1083,10.8,Cold
0,0.1083,10.8,Cold
0,0.1083,10.8,Cold
0,0.1083,10.8,Cold
0,0.1083,10.8,Cold
0,0.1083,10.8,Cold
0,0.1083,10.8,Cold
0,0.1083,10.8,Cold
0,0.1083,10.8,Cold
0,0.1083,10.8,Cold
1,0.1083,10.8,Cold
0,0.1083,10.8,Cold
0,0.1083,10.8,Cold
0,0.1083,10.8,Cold
0,0.1083,10.8,Cold
0,0.1083,10.8,Cold
0,0.1083,10.8,Cold
0,0.1083,10.8,Cold
0,0.1083,10.8,Cold
0,0.1083,10.8,Cold
0,0.1083,10.8,Cold
0,0.1083,10.8,Cold
0,0.1083,10.8,Cold
0,0.1083,10.8,Cold
0,0.1083,10.8,Cold
0,0.1083,10.8,Cold
0,0.1083,10.8,Cold
0,0.1083,10.8,Cold
0,0.1083,10.8,Cold
0,0.1083,10.8,Cold
0,0.1083,10.8,Cold
0,0.1083,10.8,Cold
1,0.1079,10.8,Cold
0,0.1083,10.8,Cold
0,0.1083,10.8,Cold
0,0.1083,10.8,Cold
0,0.1083,10.8,Cold
0,0.1083,10.8,Cold
0,0.1083,10.8,Cold
0,0.1083,10.8,Cold
0,0.1083,10.8,Cold
0,0.1083,10.8,Cold
0,0.1083,10.8,Cold
0,0.1083,10.8,Cold
0,0.1083,10.8,Cold
0,0.1083,10.8,Cold
0,0.1077,10.8,Cold
0,0.1083,10.8,Cold
0,0.1083,10.8,Cold
0,0.1083,10.8,Cold
0,0.1083,10.8,Cold
0,0.1083,10.8,Cold
0,0.1083,10.8,Cold
0,0.1083,10.8,Cold
0,0.1083,10.8,Cold
0,0.1083,10.8,Cold
0,0.1083,10.8,Cold
0,0.1083,10.8,Cold
0,0.1083,10.8,Cold
0,0.1076,10.8,Cold
0,0.1083,10.8,Cold
0,0.1083,10.8,Cold
0,0.1083,10.8,Cold
0,0.1083,10.8,Cold
0,0.1083,10.8,Cold
1,0.1083,10.8,Cold
0,0.1083,10.8,Cold
0,0.1083,10.8,Cold
0,0.1083,10.8,Cold
0,0.1083,10.8,Cold
0,0.1083,10.8,Cold
0,0.1083,10.8,Cold
0,0.1083,10.8,Cold
0,0.1083,10.8,Cold
0,0.1083,10.8,Cold
0,0.1083,10.8,Cold
0,0.1083,10.8,Cold
0,0.1083,10.8,Cold
0,0.1083,10.8,Cold
0,0.1083,10.8,Cold
0,0.1083,10.8,Cold
0,0.1083,10.8,Cold
0,0.1083,10.8,Cold
0,0.1083,10.8,Cold
0,0.1083,10.8,Cold
0,0.1083,10.8,Cold
0,0.1083,10.8,Cold
0,0.1083,10.8,Cold
0,0.1083,10.8,Cold
0,0.1083,10.8,Cold
0,0.1083,10.8,Cold
0,0.1083,10.8,Cold
0,0.1083,10.8,Cold
0,0.1083,10.8,Cold
0,0.1083,10.8,Cold
0,0.1083,10.8,Cold
0,0.1083,10.8,Cold
0,0.1083,10.8,Cold
0,0.1083,10.8,Cold
0,0.1083,10.8,Cold
0,0.1083,10.8,Cold
0,0.1083,10.8,Cold
0,0.1083,10.8,Cold
0,0.1083,10.8,Cold
0,0.1083,10.8,Cold
1,0.1083,10.8,Cold
1,0.1083,10.8,Cold
0,0.1083,10.8,Cold
0,0.1083,10.8,Cold
0,0.1083,10.8,Cold
0,0.1083,10.8,Cold
0,0.1083,10.8,Cold
0,0.1083,10.8,Cold
0,0.1083,10.8,Cold
0,0.1083,10.8,Cold
0,0.1083,10.8,Cold
0,0.1083,10.8,Cold
0,0.1083,10.8,Cold
0,0.1083,10.8,Cold
0,0.1083,10.8,Cold
0,0.1083,10.8,Cold
0,0.1072,10.7,Cold
0,0.1068,10.7,Cold
0,0.1067,10.7,Cold
0,0.1067,10.7,Cold
0,0.1065,10.7,Cold
0,0.1067,10.7,Cold
0,0.1062,10.6,Cold
1,0.1063,10.6,Cold
0,0.1056,10.6,Cold
0,0.1062,10.6,Cold
0,0.1065,10.6,Cold
0,0.1057,10.6,Cold
0,0.1059,10.6,Cold
1,0.105,10.5,Cold
0,0.1049,10.5,Cold
0,0.105,10.5,Cold
0,0.1052,10.5,Cold
0,0.1046,10.5,Cold
0,0.1053,10.5,Cold
0,0.1053,10.5,Cold
0,0.1045,10.5,Cold
0,0.1051,10.5,Cold
0,0.1051,10.5,Cold
0,0.1048,10.5,Cold
0,0.1049,10.5,Cold
0,0.1039,10.4,Cold
0,0.1036,10.4,Cold
0,0.104,10.4,Cold
0,0.1026,10.3,Cold
0,0.1028,10.3,Cold
0,0.1027,10.3,Cold
0,0.1032,10.3,Cold
0,0.1032,10.3,Cold
0,0.1029,10.3,Cold
0,0.1018,10.2,Cold
0,0.1018,10.2,Cold
0,0.1018,10.2,Cold
0,0.102,10.2,Cold
0,0.1021,10.2,Cold
0,0.1016,10.2,Cold
0,0.101,10.1,Cold
0,0.1014,10.1,Cold
0,0.1012,10.1,Cold
0,0.1009,10.1,Cold
0,0.1006,10.1,Cold
0,0.1009,10.1,Cold
0,0.0998,10.0,Cold
0,0.0997,10.0,Cold
0,0.0997,10.0,Cold
0,0.0998,10.0,Cold
0,0.1003,10.0,Cold
0,0.1,10.0,Cold
0,0.1005,10.0,Cold
0,0.1002,10.0,Cold
0,0.0989,9.9,Cold
0,0.0995,9.9,Cold
0,0.0995,9.9,Cold
0,0.0986,9.9,Cold
0,0.0993,9.9,Cold
1,0.0985,9.9,Cold
0,0.0994,9.9,Cold
1,0.0985,9.9,Cold
0,0.0977,9.8,Cold
0,0.0984,9.8,Cold
0,0.0977,9.8,Cold
0,0.098,9.8,Cold
0,0.0977,9.8,Cold
0,0.0982,9.8,Cold
0,0.0977,9.8,Cold
0,0.0985,9.8,Cold
0,0.0982,9.8,Cold
1,0.0977,9.8,Cold
0,0.0976,9.8,Cold
0,0.0967,9.7,Cold
0,0.0973,9.7,Cold
0,0.0974,9.7,Cold
0,0.0969,9.7,Cold
0,0.0969,9.7,Cold
1,0.097,9.7,Cold
0,0.0974,9.7,Cold
0,0.0967,9.7,Cold
0,0.0972,9.7,Cold
0,0.0967,9.7,Cold
0,0.0967,9.7,Cold
0,0.0969,9.7,Cold
0,0.0971,9.7,Cold
0,0.0967,9.7,Cold
0,0.0966,9.7,Cold
0,0.0957,9.6,Cold
0,0.0957,9.6,Cold
0,0.0958,9.6,Cold
0,0.0965,9.6,Cold
0,0.0956,9.6,Cold
0,0.096,9.6,Cold
0,0.0962,9.6,Cold
0,0.0961,9.6,Cold
0,0.0962,9.6,Cold
0,0.0958,9.6,Cold
0,0.0955,9.5,Cold
0,0.0949,9.5,Cold
0,0.095,9.5,Cold
0,0.0955,9.5,Cold
0,0.0955,9.5,Cold
0,0.0947,9.5,Cold
0,0.0955,9.5,Cold
0,0.0943,9.4,Cold
0,0.0936,9.4,Cold
0,0.0942,9.4,Cold
1,0.0944,9.4,Cold
0,0.0941,9.4,Cold
0,0.0945,9.4,Cold
0,0.0937,9.4,Cold
0,0.0943,9.4,Cold
0,0.0944,9.4,Cold
0,0.0938,9.4,Cold
0,0.093,9.3,Cold
0,0.093,9.3,Cold
0,0.093,9.3,Cold
0,0.0929,9.3,Cold
0,0.0926,9.3,Cold
0,0.0934,9.3,Cold
0,0.093,9.3,Cold
0,0.0924,9.2,Cold
0,0.0918,9.2,Cold
0,0.092,9.2,Cold
1,0.092,9.2,Cold
0,0.0918,9.2,Cold
0,0.0921,9.2,Cold
0,0.0919,9.2,Cold
0,0.0925,9.2,Cold
0,0.0916,9.2,Cold
0,0.0917,9.2,Cold
0,0.0921,9.2,Cold
0,0.0908,9.1,Cold
0,0.0906,9.1,Cold
0,0.0909,9.1,Cold
0,0.0914,9.1,Cold
0,0.0907,9.1,Cold
1,0.0905,9.1,Cold
0,0.0909,9.1,Cold
0,0.0913,9.1,Cold
0,0.0909,9.1,Cold
0,0.0907,9.1,Cold
0,0.0909,9.1,Cold
0,0.0905,9.1,Cold
0,0.0908,9.1,Cold
0,0.0908,9.1,Cold
0,0.0907,9.1,Cold
0,0.0915,9.1,Cold
0,0.0913,9.1,Cold
0,0.0898,9.0,Cold
0,0.0899,9.0,Cold
0,0.0902,9.0,Cold
0,0.0904,9.0,Cold
0,0.0904,9.0,Cold
0,0.0903,9.0,Cold
0,0.0901,9.0,Cold
0,0.0899,9.0,Cold
0,0.0899,9.0,Cold
0,0.0903,9.0,Cold
0,0.0899,9.0,Cold
0,0.0904,9.0,Cold
1,0.0899,9.0,Cold
1,0.0891,8.9,Cold
0,0.089,8.9,Cold
0,0.0894,8.9,Cold
0,0.0886,8.9,Cold
0,0.0885,8.9,Cold
0,0.0889,8.9,Cold
0,0.0886,8.9,Cold
0,0.0893,8.9,Cold
0,0.0883,8.8,Cold
0,0.0882,8.8,Cold
0,0.0876,8.8,Cold
0,0.0879,8.8,Cold
0,0.0879,8.8,Cold
0,0.0882,8.8,Cold
0,0.0881,8.8,Cold
0,0.0884,8.8,Cold
0,0.0875,8.8,Cold
0,0.0881,8.8,Cold
0,0.0881,8.8,Cold
0,0.0878,8.8,Cold
0,0.0879,8.8,Cold
0,0.0876,8.8,Cold
0,0.0878,8.8,Cold
0,0.0881,8.8,Cold
0,0.087,8.7,Cold
0,0.0875,8.7,Cold
0,0.087,8.7,Cold
0,0.0866,8.7,Cold
1,0.0871,8.7,Cold
0,0.087,8.7,Cold
0,0.087,8.7,Cold
1,0.0868,8.7,Cold
1,0.0871,8.7,Cold
0,0.0868,8.7,Cold
0,0.0867,8.7,Cold
0,0.0871,8.7,Cold
0,0.0862,8.6,Cold
0,0.0862,8.6,Cold
0,0.0859,8.6,Cold
0,0.0863,8.6,Cold
0,0.0862,8.6,Cold
0,0.0863,8.6,Cold
0,0.0864,8.6,Cold
0,0.0856,8.6,Cold
0,0.0858,8.6,Cold
0,0.086,8.6,Cold
0,0.0855,8.6,Cold
1,0.0858,8.6,Cold
0,0.0856,8.6,Cold
0,0.0862,8.6,Cold
0,0.0855,8.6,Cold
0,0.0858,8.6,Cold
0,0.0855,8.6,Cold
0,0.0858,8.6,Cold
0,0.086,8.6,Cold
0,0.0857,8.6,Cold
0,0.0859,8.6,Cold
0,0.0857,8.6,Cold
0,0.0853,8.5,Cold
0,0.0849,8.5,Cold
0,0.085,8.5,Cold
0,0.0851,8.5,Cold
0,0.0849,8.5,Cold
0,0.0855,8.5,Cold
0,0.085,8.5,Cold
0,0.085,8.5,Cold
0,0.0854,8.5,Cold
0,0.0846,8.5,Cold
0,0.0854,8.5,Cold
0,0.0845,8.5,Cold
0,0.0854,8.5,Cold
0,0.0846,8.5,Cold
0,0.0847,8.5,Cold
0,0.0849,8.5,Cold
0,0.0848,8.5,Cold
0,0.0853,8.5,Cold
0,0.0847,8.5,Cold
1,0.0847,8.5,Cold
0,0.0835,8.4,Cold
0,0.0844,8.4,Cold
0,0.0839,8.4,Cold
0,0.0841,8.4,Cold
0,0.0838,8.4,Cold
0,0.0838,8.4,Cold
1,0.0838,8.4,Cold
1,0.0839,8.4,Cold
0,0.0843,8.4,Cold
0,0.0843,8.4,Cold
0,0.0842,8.4,Cold
0,0.0837,8.4,Cold
0,0.0832,8.3,Cold
0,0.0832,8.3,Cold
0,0.0829,8.3,Cold
0,0.0829,8.3,Cold
0,0.0826,8.3,Cold
0,0.0831,8.3,Cold
0,0.0827,8.3,Cold
0,0.0832,8.3,Cold
0,0.0829,8.3,Cold
0,0.083,8.3,Cold
0,0.0827,8.3,Cold
0,0.0825,8.3,Cold
0,0.0833,8.3,Cold
0,0.0831,8.3,Cold
0,0.0828,8.3,Cold
0,0.0834,8.3,Cold
0,0.0831,8.3,Cold
0,0.0834,8.3,Cold
0,0.0833,8.3,Cold
0,0.083,8.3,Cold
0,0.0827,8.3,Cold
0,0.0823,8.2,Cold
0,0.082,8.2,Cold
1,0.0815,8.2,Cold
0,0.0817,8.2,Cold
0,0.0819,8.2,Cold
0,0.082,8.2,Cold
0,0.0822,8.2,Cold
0,0.0817,8.2,Cold
1,0.0824,8.2,Cold
0,0.0818,8.2,Cold
0,0.0808,8.1,Cold
1,0.0806,8.1,Cold
0,0.0812,8.1,Cold
0,0.0813,8.1,Cold
0,0.0808,8.1,Cold
0,0.0806,8.1,Cold
0,0.0811,8.1,Cold
0,0.0809,8.1,Cold
0,0.0812,8.1,Cold
0,0.0814,8.1,Cold
0,0.0806,8.1,Cold
0,0.0812,8.1,Cold
0,0.0811,8.1,Cold
1,0.0808,8.1,Cold
0,0.0814,8.1,Cold
0,0.0812,8.1,Cold
0,0.0809,8.1,Cold
0,0.0809,8.1,Cold
1,0.0795,8.0,Cold
0,0.0797,8.0,Cold
1,0.0801,8.0,Cold
0,0.0805,8.0,Cold
0,0.0805,8.0,Cold
0,0.0801,8.0,Cold
0,0.0795,8.0,Cold
0,0.0795,8.0,Cold
0,0.0804,8.0,Cold
0,0.0799,8.0,Cold
0,0.0796,8.0,Cold
0,0.0797,8.0,Cold
0,0.0801,8.0,Cold
0,0.0788,7.9,Cold
0,0.0793,7.9,Cold
0,0.0786,7.9,Cold
0,0.0786,7.9,Cold
0,0.0794,7.9,Cold
0,0.0786,7.9,Cold
0,0.0793,7.9,Cold
0,0.0794,7.9,Cold
0,0.0786,7.9,Cold
0,0.0792,7.9,Cold
0,0.0786,7.9,Cold
0,0.0789,7.9,Cold
0,0.0792,7.9,Cold
0,0.0794,7.9,Cold
0,0.0786,7.9,Cold
0,0.0791,7.9,Cold
0,0.078,7.8,Cold
0,0.0779,7.8,Cold
0,0.0783,7.8,Cold
0,0.0784,7.8,Cold
0,0.0777,7.8,Cold
0,0.078,7.8,Cold
0,0.078,7.8,Cold
0,0.0778,7.8,Cold
0,0.0779,7.8,Cold
0,0.078,7.8,Cold
0,0.078,7.8,Cold
0,0.0779,7.8,Cold
0,0.0777,7.8,Cold
0,0.0781,7.8,Cold
0,0.0782,7.8,Cold
0,0.0779,7.8,Cold
0,0.0784,7.8,Cold
0,0.0784,7.8,Cold
0,0.0778,7.8,Cold
1,0.078,7.8,Cold
0,0.0776,7.8,Cold
0,0.0785,7.8,Cold
0,0.0778,7.8,Cold
0,0.0785,7.8,Cold
0,0.0774,7.7,Cold
0,0.0772,7.7,Cold
0,0.0771,7.7,Cold
0,0.0768,7.7,Cold
0,0.0768,7.7,Cold
1,0.0768,7.7,Cold
0,0.0766,7.7,Cold
0,0.0772,7.7,Cold
0,0.0766,7.7,Cold
0,0.0774,7.7,Cold
0,0.0769,7.7,Cold
0,0.077,7.7,Cold
0,0.0772,7.7,Cold
0,0.0771,7.7,Cold
0,0.0775,7.7,Cold
0,0.0767,7.7,Cold
0,0.0774,7.7,Cold
0,0.0766,7.7,Cold
0,0.0768,7.7,Cold
0,0.0771,7.7,Cold
0,0.0768,7.7,Cold
0,0.0765,7.6,Cold
0,0.0763,7.6,Cold
0,0.0764,7.6,Cold
1,0.076,7.6,Cold
0,0.0759,7.6,Cold
0,0.0761,7.6,Cold
0,0.0757,7.6,Cold
0,0.0759,7.6,Cold
0,0.0756,7.6,Cold
0,0.0757,7.6,Cold
1,0.0758,7.6,Cold
0,0.0757,7.6,Cold
0,0.0758,7.6,Cold
0,0.0764,7.6,Cold
0,0.0759,7.6,Cold
0,0.0758,7.6,Cold
0,0.0765,7.6,Cold
0,0.0762,7.6,Cold
0,0.0759,7.6,Cold
0,0.076,7.6,Cold
0,0.076,7.6,Cold
0,0.0764,7.6,Cold
0,0.076,7.6,Cold
0,0.0761,7.6,Cold
0,0.0759,7.6,Cold
0,0.0746,7.5,Cold
0,0.0754,7.5,Cold
0,0.0752,7.5,Cold
0,0.0753,7.5,Cold
0,0.0753,7.5,Cold
0,0.0753,7.5,Cold
0,0.0754,7.5,Cold
0,0.0752,7.5,Cold
0,0.0754,7.5,Cold
0,0.0753,7.5,Cold
0,0.0747,7.5,Cold
0,0.0748,7.5,Cold
0,0.0749,7.5,Cold
0,0.0752,7.5,Cold
0,0.0753,7.5,Cold
1,0.0749,7.5,Cold
0,0.0746,7.5,Cold
0,0.0742,7.4,Cold
0,0.0742,7.4,Cold
0,0.0745,7.4,Cold
0,0.0742,7.4,Cold
0,0.0743,7.4,Cold
0,0.0741,7.4,Cold
0,0.0742,7.4,Cold
0,0.0736,7.4,Cold
0,0.0738,7.4,Cold
0,0.0739,7.4,Cold
0,0.0742,7.4,Cold
0,0.074,7.4,Cold
0,0.0744,7.4,Cold
0,0.0742,7.4,Cold
0,0.0742,7.4,Cold
1,0.0741,7.4,Cold
0,0.0741,7.4,Cold
0,0.0741,7.4,Cold
0,0.0725,7.3,Cold
0,0.0732,7.3,Cold
0,0.0735,7.3,Cold
1,0.0732,7.3,Cold
0,0.0729,7.3,Cold
0,0.0733,7.3,Cold
0,0.0732,7.3,Cold
0,0.0732,7.3,Cold
0,0.073,7.3,Cold
0,0.0729,7.3,Cold
0,0.0729,7.3,Cold
0,0.0734,7.3,Cold
0,0.0725,7.3,Cold
0,0.0727,7.3,Cold
0,0.0725,7.3,Cold
1,0.0733,7.3,Cold
0,0.0728,7.3,Cold
0,0.0729,7.3,Cold
0,0.0726,7.3,Cold
0,0.0726,7.3,Cold
0,0.0725,7.3,Cold
0,0.0733,7.3,Cold
0,0.0717,7.2,Cold
1,0.0718,7.2,Cold
0,0.072,7.2,Cold
0,0.0721,7.2,Cold
0,0.0717,7.2,Cold
0,0.0717,7.2,Cold
0,0.0716,7.2,Cold
0,0.0721,7.2,Cold
0,0.0716,7.2,Cold
1,0.0718,7.2,Cold
0,0.0721,7.2,Cold
0,0.072,7.2,Cold
0,0.0716,7.2,Cold
0,0.0716,7.2,Cold
0,0.0721,7.2,Cold
0,0.0716,7.2,Cold
0,0.0716,7.2,Cold
0,0.0723,7.2,Cold
0,0.072,7.2,Cold
0,0.0718,7.2,Cold
0,0.0718,7.2,Cold
0,0.0723,7.2,Cold
0,0.0724,7.2,Cold
0,0.0725,7.2,Cold
0,0.0708,7.1,Cold
0,0.0708,7.1,Cold
0,0.0711,7.1,Cold
0,0.071,7.1,Cold
0,0.0708,7.1,Cold
0,0.0708,7.1,Cold
0,0.0707,7.1,Cold
1,0.0713,7.1,Cold
0,0.0708,7.1,Cold
0,0.0708,7.1,Cold
0,0.0711,7.1,Cold
0,0.0708,7.1,Cold
0,0.0708,7.1,Cold
0,0.0708,7.1,Cold
0,0.0708,7.1,Cold
0,0.0708,7.1,Cold
0,0.0712,7.1,Cold
0,0.071,7.1,Cold
0,0.0708,7.1,Cold
0,0.0708,7.1,Cold
0,0.0708,7.1,Cold
0,0.0705,7.1,Cold
0,0.0709,7.1,Cold
0,0.0708,7.1,Cold
0,0.0707,7.1,Cold
0,0.0708,7.1,Cold
0,0.0708,7.1,Cold
0,0.0705,7.1,Cold
0,0.0708,7.1,Cold
0,0.0708,7.1,Cold
0,0.0708,7.1,Cold
0,0.0708,7.1,Cold
0,0.0708,7.1,Cold
0,0.0708,7.1,Cold
0,0.0708,7.1,Cold
0,0.0708,7.1,Cold
0,0.0708,7.1,Cold
1,0.0706,7.1,Cold
0,0.0708,7.1,Cold
0,0.0708,7.1,Cold
0,0.0708,7.1,Cold
0,0.0708,7.1,Cold
0,0.0708,7.1,Cold
0,0.0707,7.1,Cold
0,0.0708,7.1,Cold
0,0.0708,7.1,Cold
0,0.0708,7.1,Cold
0,0.0708,7.1,Cold
0,0.0708,7.1,Cold
0,0.0708,7.1,Cold
0,0.0708,7.1,Cold
0,0.0713,7.1,Cold
0,0.0708,7.1,Cold
0,0.0708,7.1,Cold
0,0.0708,7.1,Cold
0,0.0708,7.1,Cold
0,0.0708,7.1,Cold
0,0.0708,7.1,Cold
0,0.0708,7.1,Cold
0,0.071,7.1,Cold
1,0.0707,7.1,Cold
0,0.0712,7.1,Cold
0,0.0708,7.1,Cold
0,0.0708,7.1,Cold
0,0.07,7.0,Cold
0,0.0701,7.0,Cold
0,0.0699,7.0,Cold
0,0.0697,7.0,Cold
0,0.0705,7.0,Cold
0,0.0697,7.0,Cold
0,0.0697,7.0,Cold
0,0.0695,7.0,Cold
0,0.0699,7.0,Cold
0,0.0699,7.0,Cold
0,0.0701,7.0,Cold
0,0.07,7.0,Cold
0,0.0705,7.0,Cold
1,0.0699,7.0,Cold
0,0.0702,7.0,Cold
0,0.0696,7.0,Cold
0,0.0701,7.0,Cold
0,0.0695,7.0,Cold
0,0.0702,7.0,Cold
0,0.0705,7.0,Cold
0,0.0704,7.0,Cold
0,0.0686,6.9,Cold
0,0.0692,6.9,Cold
0,0.0686,6.9,Cold
0,0.0687,6.9,Cold
0,0.069,6.9,Cold
0,0.0692,6.9,Cold
0,0.0686,6.9,Cold
0,0.0685,6.9,Cold
0,0.0691,6.9,Cold
0,0.0694,6.9,Cold
0,0.0688,6.9,Cold
0,0.0692,6.9,Cold
0,0.069,6.9,Cold
0,0.0685,6.9,Cold
0,0.0693,6.9,Cold
0,0.0688,6.9,Cold
0,0.0689,6.9,Cold
0,0.0688,6.9,Cold
0,0.0686,6.9,Cold
0,0.0692,6.9,Cold
0,0.0686,6.9,Cold
0,0.0691,6.9,Cold
0,0.0693,6.9,Cold
0,0.0683,6.8,Cold
0,0.0678,6.8,Cold
0,0.0676,6.8,Cold
0,0.0681,6.8,Cold
1,0.0682,6.8,Cold
0,0.0677,6.8,Cold
0,0.0683,6.8,Cold
0,0.0679,6.8,Cold
0,0.0677,6.8,Cold
0,0.0684,6.8,Cold
0,0.0676,6.8,Cold
0,0.0683,6.8,Cold
0,0.0677,6.8,Cold
0,0.0681,6.8,Cold
0,0.0684,6.8,Cold
0,0.0677,6.8,Cold
0,0.0679,6.8,Cold
0,0.0684,6.8,Cold
0,0.068,6.8,Cold
0,0.0678,6.8,Cold
0,0.0677,6.8,Cold
0,0.0674,6.7,Cold
0,0.0667,6.7,Cold
0,0.0674,6.7,Cold
0,0.0665,6.7,Cold
0,0.0674,6.7,Cold
0,0.0669,6.7,Cold
0,0.0672,6.7,Cold
1,0.0667,6.7,Cold
0,0.0666,6.7,Cold
0,0.0671,6.7,Cold
0,0.0665,6.7,Cold
0,0.0672,6.7,Cold
0,0.0667,6.7,Cold
0,0.0673,6.7,Cold
0,0.0671,6.7,Cold
0,0.067,6.7,Cold
0,0.0672,6.7,Cold
1,0.0666,6.7,Cold
0,0.0666,6.7,Cold
0,0.0675,6.7,Cold
0,0.0673,6.7,Cold
0,0.0674,6.7,Cold
0,0.0669,6.7,Cold
0,0.0656,6.6,Cold
0,0.0662,6.6,Cold
0,0.0662,6.6,Cold
0,0.0657,6.6,Cold
0,0.0661,6.6,Cold
0,0.0662,6.6,Cold
0,0.0656,6.6,Cold
1,0.0664,6.6,Cold
1,0.0658,6.6,Cold
0,0.0661,6.6,Cold
0,0.066,6.6,Cold
0,0.066,6.6,Cold
0,0.0656,6.6,Cold
0,0.0656,6.6,Cold
0,0.0662,6.6,Cold
0,0.0663,6.6,Cold
0,0.0661,6.6,Cold
0,0.066,6.6,Cold
0,0.0659,6.6,Cold
0,0.0656,6.6,Cold
0,0.0662,6.6,Cold
0,0.0662,6.6,Cold
0,0.0662,6.6,Cold
0,0.0657,6.6,Cold
0,0.0651,6.5,Cold
0,0.0653,6.5,Cold
0,0.065,6.5,Cold
0,0.0648,6.5,Cold
0,0.0654,6.5,Cold
0,0.0649,6.5,Cold
0,0.0649,6.5,Cold
0,0.0651,6.5,Cold
0,0.0652,6.5,Cold
0,0.0654,6.5,Cold
0,0.0649,6.5,Cold
0,0.0645,6.5,Cold
0,0.0654,6.5,Cold
0,0.0649,6.5,Cold
0,0.0648,6.5,Cold
0,0.065,6.5,Cold
0,0.0654,6.5,Cold
0,0.0653,6.5,Cold
0,0.0648,6.5,Cold
0,0.0653,6.5,Cold
0,0.0652,6.5,Cold
0,0.0652,6.5,Cold
0,0.0653,6.5,Cold
0,0.0652,6.5,Cold
0,0.0647,6.5,Cold
0,0.0638,6.4,Cold
1,0.0643,6.4,Cold
0,0.0638,6.4,Cold
0,0.0636,6.4,Cold
0,0.0642,6.4,Cold
0,0.0642,6.4,Cold
0,0.0637,6.4,Cold
0,0.0638,6.4,Cold
0,0.0638,6.4,Cold
0,0.0644,6.4,Cold
0,0.0644,6.4,Cold
0,0.0637,6.4,Cold
0,0.0643,6.4,Cold
0,0.0642,6.4,Cold
0,0.0641,6.4,Cold
0,0.064,6.4,Cold
0,0.0639,6.4,Cold
0,0.0637,6.4,Cold
0,0.0643,6.4,Cold
0,0.0626,6.3,Cold
0,0.063,6.3,Cold
0,0.063,6.3,Cold
0,0.0635,6.3,Cold
0,0.0631,6.3,Cold
0,0.0628,6.3,Cold
0,0.0634,6.3,Cold
0,0.0629,6.3,Cold
0,0.0633,6.3,Cold
0,0.063,6.3,Cold
0,0.0626,6.3,Cold
0,0.0629,6.3,Cold
0,0.0634,6.3,Cold
0,0.0632,6.3,Cold
0,0.063,6.3,Cold
1,0.0628,6.3,Cold
0,0.0628,6.3,Cold
0,0.0632,6.3,Cold
0,0.0634,6.3,Cold
0,0.0631,6.3,Cold
0,0.0617,6.2,Cold
0,0.0617,6.2,Cold
0,0.0616,6.2,Cold
0,0.0616,6.2,Cold
0,0.0619,6.2,Cold
1,0.0622,6.2,Cold
0,0.0619,6.2,Cold
0,0.0621,6.2,Cold
0,0.0623,6.2,Cold
0,0.0623,6.2,Cold
0,0.0615,6.2,Cold
0,0.0616,6.2,Cold
0,0.0624,6.2,Cold
0,0.0618,6.2,Cold
0,0.0619,6.2,Cold
0,0.0616,6.2,Cold
0,0.0616,6.2,Cold
0,0.0624,6.2,Cold
0,0.062,6.2,Cold
0,0.0621,6.2,Cold
0,0.0615,6.1,Cold
0,0.0614,6.1,Cold
0,0.061,6.1,Cold
0,0.0607,6.1,Cold
0,0.0611,6.1,Cold
0,0.0609,6.1,Cold
0,0.0613,6.1,Cold
0,0.0615,6.1,Cold
0,0.0612,6.1,Cold
0,0.0605,6.1,Cold
0,0.0609,6.1,Cold
0,0.0613,6.1,Cold
0,0.061,6.1,Cold
0,0.0614,6.1,Cold
0,0.0612,6.1,Cold
0,0.0606,6.1,Cold
0,0.0614,6.1,Cold
0,0.0606,6.1,Cold
0,0.0609,6.1,Cold
0,0.0607,6.1,Cold
0,0.0614,6.1,Cold
1,0.0606,6.1,Cold
0,0.0614,6.1,Cold
0,0.061,6.1,Cold
0,0.0609,6.1,Cold
0,0.061,6.1,Cold
0,0.0613,6.1,Cold
0,0.0605,6.1,Cold
0,0.0608,6.1,Cold
0,0.0597,6.0,Cold
0,0.0596,6.0,Cold
0,0.0598,6.0,Cold
0,0.0602,6.0,Cold
0,0.0602,6.0,Cold
0,0.0603,6.0,Cold
0,0.0604,6.0,Cold
0,0.0604,6.0,Cold
0,0.0604,6.0,Cold
0,0.0604,6.0,Cold
0,0.0601,6.0,Cold
0,0.0603,6.0,Cold
0,0.0596,6.0,Cold
1,0.0603,6.0,Cold
0,0.0596,6.0,Cold
1,0.0596,6.0,Cold
1,0.0596,6.0,Cold
0,0.0602,6.0,Cold
0,0.0599,6.0,Cold
0,0.0601,6.0,Cold
0,0.0603,6.0,Cold
0,0.0597,6.0,Cold
0,0.0604,6.0,Cold
0,0.0598,6.0,Cold
0,0.0603,6.0,Cold
0,0.0602,6.0,Cold
0,0.0603,6.0,Cold
0,0.0603,6.0,Cold
0,0.0598,6.0,Cold
0,0.0601,6.0,Cold
0,0.0602,6.0,Cold
0,0.0602,6.0,Cold
0,0.0595,6.0,Cold
0,0.0597,6.0,Cold
0,0.0595,6.0,Cold
0,0.0602,6.0,Cold
0,0.0602,6.0,Cold
0,0.0591,5.9,Cold
0,0.0585,5.9,Cold
0,0.0588,5.9,Cold
0,0.0593,5.9,Cold
0,0.0592,5.9,Cold
0,0.0588,5.9,Cold
0,0.0594,5.9,Cold
0,0.0591,5.9,Cold
0,0.0589,5.9,Cold
0,0.059,5.9,Cold
0,0.0586,5.9,Cold
0,0.0594,5.9,Cold
0,0.0592,5.9,Cold
0,0.0587,5.9,Cold
0,0.0585,5.9,Cold
0,0.0586,5.9,Cold
0,0.0593,5.9,Cold
0,0.059,5.9,Cold
0,0.0592,5.9,Cold
0,0.059,5.9,Cold
0,0.0594,5.9,Cold
0,0.059,5.9,Cold
0,0.0591,5.9,Cold
0,0.0588,5.9,Cold
0,0.0593,5.9,Cold
0,0.0591,5.9,Cold
0,0.0588,5.9,Cold
0,0.0589,5.9,Cold
0,0.0586,5.9,Cold
0,0.0594,5.9,Cold
0,0.0592,5.9,Cold
1,0.0586,5.9,Cold
0,0.0588,5.9,Cold
0,0.0577,5.8,Cold
0,0.0582,5.8,Cold
0,0.0581,5.8,Cold
0,0.0579,5.8,Cold
0,0.0581,5.8,Cold
0,0.0578,5.8,Cold
0,0.0577,5.8,Cold
0,0.0584,5.8,Cold
0,0.0584,5.8,Cold
0,0.0579,5.8,Cold
0,0.0583,5.8,Cold
1,0.0584,5.8,Cold
0,0.058,5.8,Cold
0,0.058,5.8,Cold
1,0.0581,5.8,Cold
0,0.0582,5.8,Cold
0,0.0577,5.8,Cold
0,0.0578,5.8,Cold
0,0.0584,5.8,Cold
0,0.0583,5.8,Cold
0,0.0576,5.8,Cold
0,0.0583,5.8,Cold
0,0.0575,5.8,Cold
0,0.0581,5.8,Cold
0,0.0579,5.8,Cold
1,0.0578,5.8,Cold
0,0.0583,5.8,Cold
1,0.0573,5.7,Cold
1,0.0568,5.7,Cold
0,0.0572,5.7,Cold
0,0.0571,5.7,Cold
0,0.0572,5.7,Cold
0,0.0571,5.7,Cold
0,0.0567,5.7,Cold
0,0.0567,5.7,Cold
0,0.0573,5.7,Cold
0,0.057,5.7,Cold
0,0.0573,5.7,Cold
0,0.057,5.7,Cold
0,0.0569,5.7,Cold
0,0.0573,5.7,Cold
1,0.0573,5.7,Cold
0,0.0567,5.7,Cold
0,0.0566,5.7,Cold
0,0.0566,5.7,Cold
0,0.0565,5.7,Cold
0,0.0572,5.7,Cold
0,0.0572,5.7,Cold
0,0.0573,5.7,Cold
0,0.0566,5.7,Cold
0,0.057,5.7,Cold
0,0.0571,5.7,Cold
0,0.0575,5.7,Cold
1,0.0567,5.7,Cold
0,0.0569,5.7,Cold
0,0.0567,5.7,Cold
0,0.0568,5.7,Cold
0,0.0566,5.7,Cold
0,0.0561,5.6,Cold
0,0.0558,5.6,Cold
0,0.0558,5.6,Cold
0,0.0563,5.6,Cold
0,0.0563,5.6,Cold
0,0.0562,5.6,Cold
1,0.0559,5.6,Cold
0,0.056,5.6,Cold
0,0.0559,5.6,Cold
1,0.0561,5.6,Cold
0,0.0562,5.6,Cold
0,0.0565,5.6,Cold
0,0.0557,5.6,Cold
0,0.0561,5.6,Cold
0,0.0565,5.6,Cold
0,0.0557,5.6,Cold
0,0.0561,5.6,Cold
0,0.056,5.6,Cold
0,0.0557,5.6,Cold
0,0.0561,5.6,Cold
0,0.0564,5.6,Cold
0,0.0555,5.6,Cold
0,0.0561,5.6,Cold
0,0.0565,5.6,Cold
0,0.056,5.6,Cold
0,0.0555,5.6,Cold
1,0.0558,5.6,Cold
0,0.056,5.6,Cold
0,0.0547,5.5,Cold
0,0.055,5.5,Cold
0,0.0554,5.5,Cold
0,0.0546,5.5,Cold
0,0.055,5.5,Cold
0,0.0549,5.5,Cold
0,0.0548,5.5,Cold
0,0.0549,5.5,Cold
0,0.0552,5.5,Cold
0,0.0549,5.5,Cold
0,0.0549,5.5,Cold
0,0.0551,5.5,Cold
0,0.0546,5.5,Cold
1,0.0547,5.5,Cold
0,0.0548,5.5,Cold
0,0.0551,5.5,Cold
0,0.0551,5.5,Cold
0,0.0549,5.5,Cold
0,0.0552,5.5,Cold
0,0.0553,5.5,Cold
0,0.0552,5.5,Cold
0,0.0547,5.5,Cold
0,0.0548,5.5,Cold
0,0.0549,5.5,Cold
0,0.0546,5.5,Cold
0,0.0547,5.5,Cold
0,0.0549,5.5,Cold
0,0.0554,5.5,Cold
0,0.0554,5.5,Cold
0,0.0549,5.5,Cold
0,0.0553,5.5,Cold
1,0.0552,5.5,Cold
0,0.0555,5.5,Cold
0,0.0546,5.5,Cold
0,0.0553,5.5,Cold
0,0.0541,5.4,Cold
0,0.054,5.4,Cold
0,0.0538,5.4,Cold
0,0.0544,5.4,Cold
0,0.0545,5.4,Cold
0,0.0539,5.4,Cold
0,0.0536,5.4,Cold
0,0.0539,5.4,Cold
1,0.0541,5.4,Cold
0,0.0535,5.4,Cold
0,0.0539,5.4,Cold
0,0.0541,5.4,Cold
0,0.0537,5.4,Cold
0,0.0545,5.4,Cold
0,0.0542,5.4,Cold
0,0.0544,5.4,Cold
0,0.0538,5.4,Cold
0,0.0537,5.4,Cold
0,0.054,5.4,Cold
0,0.0541,5.4,Cold
0,0.054,5.4,Cold
0,0.0536,5.4,Cold
0,0.0542,5.4,Cold
0,0.053,5.3,Cold
0,0.0525,5.3,Cold
0,0.0527,5.3,Cold
0,0.0531,5.3,Cold
0,0.0535,5.3,Cold
0,0.0534,5.3,Cold
0,0.053,5.3,Cold
0,0.0528,5.3,Cold
0,0.0533,5.3,Cold
0,0.0527,5.3,Cold
0,0.0529,5.3,Cold
0,0.0534,5.3,Cold
0,0.0532,5.3,Cold
0,0.0528,5.3,Cold
0,0.0534,5.3,Cold
0,0.0531,5.3,Cold
0,0.0525,5.3,Cold
0,0.0528,5.3,Cold
0,0.0525,5.3,Cold
0,0.0533,5.3,Cold
0,0.0534,5.3,Cold
0,0.0527,5.3,Cold
0,0.053,5.3,Cold
0,0.053,5.3,Cold
0,0.0527,5.3,Cold
0,0.0527,5.3,Cold
0,0.0534,5.3,Cold
0,0.0525,5.2,Cold
0,0.0521,5.2,Cold
0,0.0519,5.2,Cold
0,0.0523,5.2,Cold
0,0.0517,5.2,Cold
0,0.0516,5.2,Cold
0,0.0523,5.2,Cold
0,0.0524,5.2,Cold
0,0.0515,5.2,Cold
0,0.0517,5.2,Cold
0,0.0517,5.2,Cold
0,0.0517,5.2,Cold
0,0.0521,5.2,Cold
0,0.052,5.2,Cold
0,0.0516,5.2,Cold
0,0.0521,5.2,Cold
0,0.0523,5.2,Cold
0,0.0519,5.2,Cold
0,0.0525,5.2,Cold
0,0.0521,5.2,Cold
0,0.052,5.2,Cold
0,0.0525,5.2,Cold
0,0.0524,5.2,Cold
0,0.0521,5.2,Cold
0,0.0524,5.2,Cold
0,0.0523,5.2,Cold
0,0.0521,5.2,Cold
0,0.0515,5.2,Cold
0,0.0515,5.2,Cold
0,0.0523,5.2,Cold
0,0.0525,5.2,Cold
0,0.0521,5.2,Cold
0,0.0519,5.2,Cold
0,0.0522,5.2,Cold
0,0.0522,5.2,Cold
0,0.0525,5.2,Cold
0,0.0513,5.1,Cold
0,0.0512,5.1,Cold
0,0.0509,5.1,Cold
0,0.0511,5.1,Cold
0,0.0513,5.1,Cold
0,0.0509,5.1,Cold
0,0.0514,5.1,Cold
0,0.0509,5.1,Cold
0,0.051,5.1,Cold
0,0.0507,5.1,Cold
0,0.051,5.1,Cold
0,0.0508,5.1,Cold
0,0.0508,5.1,Cold
1,0.0513,5.1,Cold
0,0.0509,5.1,Cold
0,0.0508,5.1,Cold
0,0.0508,5.1,Cold
0,0.0508,5.1,Cold
0,0.0514,5.1,Cold
0,0.051,5.1,Cold
0,0.0508,5.1,Cold
0,0.0508,5.1,Cold
0,0.0506,5.1,Cold
0,0.0514,5.1,Cold
0,0.0512,5.1,Cold
0,0.0514,5.1,Cold
0,0.051,5.1,Cold
0,0.0506,5.1,Cold
0,0.0511,5.1,Cold
0,0.0506,5.1,Cold
1,0.05,5.0,Cold
0,0.0495,5.0,Cold
0,0.0503,5.0,Cold
0,0.05,5.0,Cold
0,0.0498,5.0,Cold
0,0.0501,5.0,Cold
0,0.0497,5.0,Cold
0,0.0501,5.0,Cold
0,0.0501,5.0,Cold
0,0.0502,5.0,Cold
0,0.0502,5.0,Cold
0,0.0496,5.0,Cold
0,0.0505,5.0,Cold
0,0.05,5.0,Cold
0,0.0497,5.0,Cold
0,0.05,5.0,Cold
0,0.0504,5.0,Cold
0,0.0504,5.0,Cold
1,0.0496,5.0,Cold
0,0.0503,5.0,Cold
0,0.0496,5.0,Cold
0,0.0497,5.0,Cold
0,0.0496,5.0,Cold
0,0.05,5.0,Cold
0,0.0504,5.0,Cold
0,0.0501,5.0,Cold
0,0.0502,5.0,Cold
0,0.0504,5.0,Cold
0,0.0501,5.0,Cold
0,0.0498,5.0,Cold
0,0.0496,5.0,Cold
0,0.0499,5.0,Cold
0,0.0496,5.0,Cold
0,0.0497,5.0,Cold
0,0.0497,5.0,Cold
0,0.0503,5.0,Cold
0,0.0497,5.0,Cold
0,0.0499,5.0,Cold
0,0.0497,5.0,Cold
0,0.0505,5.0,Cold
0,0.0501,5.0,Cold
0,0.0505,5.0,Cold
0,0.0505,5.0,Cold
0,0.0491,4.9,Cold
1,0.0493,4.9,Cold
0,0.0487,4.9,Cold
0,0.0487,4.9,Cold
0,0.0491,4.9,Cold
0,0.0492,4.9,Cold
0,0.0491,4.9,Cold
1,0.0492,4.9,Cold
0,0.049,4.9,Cold
0,0.0493,4.9,Cold
0,0.0493,4.9,Cold
0,0.0495,4.9,Cold
0,0.049,4.9,Cold
0,0.0487,4.9,Cold
0,0.0493,4.9,Cold
0,0.049,4.9,Cold
0,0.049,4.9,Cold
1,0.0489,4.9,Cold
0,0.0488,4.9,Cold
1,0.0485,4.9,Cold
0,0.0492,4.9,Cold
0,0.0485,4.9,Cold
0,0.049,4.9,Cold
0,0.0485,4.9,Cold
0,0.0483,4.8,Cold
0,0.0479,4.8,Cold
0,0.0476,4.8,Cold
0,0.0479,4.8,Cold
0,0.0482,4.8,Cold
0,0.0484,4.8,Cold
0,0.0476,4.8,Cold
0,0.0476,4.8,Cold
0,0.0477,4.8,Cold
0,0.048,4.8,Cold
0,0.0485,4.8,Cold
0,0.0482,4.8,Cold
0,0.0478,4.8,Cold
0,0.0479,4.8,Cold
0,0.0477,4.8,Cold
0,0.0477,4.8,Cold
0,0.0476,4.8,Cold
0,0.0485,4.8,Cold
0,0.048,4.8,Cold
0,0.0476,4.8,Cold
0,0.0482,4.8,Cold
0,0.0477,4.8,Cold
0,0.0481,4.8,Cold
0,0.0479,4.8,Cold
0,0.0481,4.8,Cold
0,0.0476,4.8,Cold
1,0.0483,4.8,Cold
0,0.0479,4.8,Cold
0,0.0484,4.8,Cold
0,0.0484,4.8,Cold
1,0.0479,4.8,Cold
0,0.0477,4.8,Cold
0,0.0479,4.8,Cold
0,0.0476,4.8,Cold
0,0.0478,4.8,Cold
0,0.0477,4.8,Cold
0,0.0467,4.7,Cold
0,0.0473,4.7,Cold
0,0.0466,4.7,Cold
0,0.0468,4.7,Cold
0,0.0469,4.7,Cold
0,0.0475,4.7,Cold
0,0.0467,4.7,Cold
0,0.0471,4.7,Cold
0,0.0468,4.7,Cold
0,0.0474,4.7,Cold
0,0.0475,4.7,Cold
0,0.0472,4.7,Cold
0,0.0469,4.7,Cold
0,0.0468,4.7,Cold
0,0.0475,4.7,Cold
0,0.0469,4.7,Cold
0,0.0468,4.7,Cold
0,0.0467,4.7,Cold
0,0.0467,4.7,Cold
0,0.0466,4.7,Cold
0,0.0466,4.7,Cold
0,0.0472,4.7,Cold
0,0.0474,4.7,Cold
0,0.0468,4.7,Cold
0,0.0471,4.7,Cold
0,0.0473,4.7,Cold
0,0.0471,4.7,Cold
0,0.0471,4.7,Cold
0,0.0468,4.7,Cold
0,0.0467,4.7,Cold
0,0.0471,4.7,Cold
0,0.047,4.7,Cold
0,0.0467,4.7,Cold
0,0.0473,4.7,Cold
0,0.0474,4.7,Cold
0,0.0468,4.7,Cold
0,0.0473,4.7,Cold
0,0.0468,4.7,Cold
0,0.0462,4.6,Cold
1,0.0456,4.6,Cold
0,0.0463,4.6,Cold
0,0.0463,4.6,Cold
0,0.046,4.6,Cold
0,0.0463,4.6,Cold
0,0.0459,4.6,Cold
0,0.0462,4.6,Cold
1,0.0459,4.6,Cold
0,0.0464,4.6,Cold
0,0.0459,4.6,Cold
0,0.0455,4.6,Cold
0,0.0465,4.6,Cold
0,0.0461,4.6,Cold
0,0.046,4.6,Cold
0,0.0456,4.6,Cold
0,0.0463,4.6,Cold
0,0.0461,4.6,Cold
0,0.0458,4.6,Cold
0,0.0464,4.6,Cold
0,0.0459,4.6,Cold
0,0.0457,4.6,Cold
0,0.0452,4.5,Cold
0,0.0449,4.5,Cold
0,0.0452,4.5,Cold
0,0.0449,4.5,Cold
0,0.0452,4.5,Cold
0,0.0448,4.5,Cold
0,0.0452,4.5,Cold
0,0.0452,4.5,Cold
1,0.0448,4.5,Cold
0,0.0453,4.5,Cold
0,0.0454,4.5,Cold
0,0.0451,4.5,Cold
0,0.0449,4.5,Cold
0,0.0446,4.5,Cold
0,0.0453,4.5,Cold
0,0.0446,4.5,Cold
0,0.0452,4.5,Cold
0,0.0454,4.5,Cold
0,0.0452,4.5,Cold
0,0.0454,4.5,Cold
0,0.0452,4.5,Cold
0,0.0448,4.5,Cold
0,0.0446,4.5,Cold
0,0.0446,4.5,Cold
0,0.045,4.5,Cold
0,0.0452,4.5,Cold
0,0.0449,4.5,Cold
0,0.0446,4.5,Cold
0,0.0452,4.5,Cold
0,0.0454,4.5,Cold
0,0.0447,4.5,Cold
0,0.0448,4.5,Cold
0,0.0447,4.5,Cold
0,0.0446,4.5,Cold
0,0.0444,4.4,Cold
0,0.0435,4.4,Cold
0,0.0437,4.4,Cold
0,0.0441,4.4,Cold
0,0.0442,4.4,Cold
0,0.0444,4.4,Cold
0,0.0438,4.4,Cold
0,0.0441,4.4,Cold
0,0.0435,4.4,Cold
0,0.0435,4.4,Cold
0,0.044,4.4,Cold
0,0.0445,4.4,Cold
0,0.0435,4.4,Cold
0,0.044,4.4,Cold
0,0.0436,4.4,Cold
0,0.0439,4.4,Cold
0,0.0435,4.4,Cold
0,0.0438,4.4,Cold
0,0.044,4.4,Cold
0,0.0444,4.4,Cold
0,0.0443,4.4,Cold
0,0.0439,4.4,Cold
0,0.0444,4.4,Cold
1,0.0442,4.4,Cold
0,0.0435,4.4,Cold
0,0.044,4.4,Cold
0,0.0443,4.4,Cold
0,0.044,4.4,Cold
0,0.0439,4.4,Cold
0,0.0439,4.4,Cold
0,0.0442,4.4,Cold
0,0.0439,4.4,Cold
0,0.0442,4.4,Cold
0,0.0433,4.3,Cold
0,0.0429,4.3,Cold
0,0.0428,4.3,Cold
0,0.0433,4.3,Cold
0,0.043,4.3,Cold
0,0.0434,4.3,Cold
0,0.0425,4.3,Cold
0,0.043,4.3,Cold
0,0.0428,4.3,Cold
0,0.0428,4.3,Cold
0,0.0425,4.3,Cold
0,0.0416,4.2,Cold
0,0.0419,4.2,Cold
0,0.0422,4.2,Cold
0,0.0416,4.2,Cold
0,0.0417,4.2,Cold
0,0.0416,4.2,Cold
0,0.0423,4.2,Cold
0,0.0416,4.2,Cold
0,0.0422,4.2,Cold
0,0.0422,4.2,Cold
0,0.0417,4.2,Cold
0,0.0416,4.2,Cold
0,0.0417,4.2,Cold
0,0.0425,4.2,Cold
0,0.0423,4.2,Cold
0,0.0418,4.2,Cold
0,0.0423,4.2,Cold
0,0.0419,4.2,Cold
0,0.0416,4.2,Cold
0,0.0418,4.2,Cold
0,0.0423,4.2,Cold
0,0.0419,4.2,Cold
0,0.0418,4.2,Cold
0,0.0408,4.1,Cold
0,0.0408,4.1,Cold
0,0.0409,4.1,Cold
0,0.0408,4.1,Cold
0,0.0408,4.1,Cold
0,0.0408,4.1,Cold
0,0.0408,4.1,Cold
0,0.0408,4.1,Cold
0,0.0408,4.1,Cold
0,0.0408,4.1,Cold
0,0.0409,4.1,Cold
0,0.0408,4.1,Cold
0,0.0409,4.1,Cold
0,0.0408,4.1,Cold
0,0.0408,4.1,Cold
0,0.0408,4.1,Cold
0,0.0408,4.1,Cold
0,0.0408,4.1,Cold
0,0.0408,4.1,Cold
0,0.0408,4.1,Cold
0,0.0408,4.1,Cold
0,0.0408,4.1,Cold
0,0.0408,4.1,Cold
0,0.0408,4.1,Cold
0,0.0408,4.1,Cold
0,0.0408,4.1,Cold
0,0.0408,4.1,Cold
0,0.0408,4.1,Cold
0,0.0408,4.1,Cold
0,0.0408,4.1,Cold
0,0.0408,4.1,Cold
0,0.0408,4.1,Cold
0,0.0408,4.1,Cold
0,0.0408,4.1,Cold
0,0.0408,4.1,Cold
0,0.0408,4.1,Cold
0,0.0409,4.1,Cold
0,0.0408,4.1,Cold
0,0.0408,4.1,Cold
0,0.0408,4.1,Cold
0,0.0408,4.1,Cold
0,0.0408,4.1,Cold
0,0.0408,4.1,Cold
0,0.0408,4.1,Cold
0,0.0408,4.1,Cold
0,0.0408,4.1,Cold
0,0.0408,4.1,Cold
0,0.0408,4.1,Cold
0,0.0408,4.1,Cold
0,0.041,4.1,Cold
0,0.0408,4.1,Cold
0,0.0408,4.1,Cold
0,0.0408,4.1,Cold
0,0.0408,4.1,Cold
0,0.0408,4.1,Cold
0,0.0408,4.1,Cold
0,0.0408,4.1,Cold
0,0.0408,4.1,Cold
0,0.0408,4.1,Cold
0,0.0408,4.1,Cold
0,0.0408,4.1,Cold
0,0.0408,4.1,Cold
0,0.0408,4.1,Cold
1,0.0408,4.1,Cold
0,0.0408,4.1,Cold
0,0.0408,4.1,Cold
0,0.0408,4.1,Cold
0,0.0408,4.1,Cold
0,0.0408,4.1,Cold
0,0.0408,4.1,Cold
0,0.0408,4.1,Cold
0,0.0408,4.1,Cold
0,0.0408,4.1,Cold
0,0.0408,4.1,Cold
0,0.0408,4.1,Cold
0,0.0408,4.1,Cold
0,0.0408,4.1,Cold
0,0.0408,4.1,Cold
0,0.0408,4.1,Cold
0,0.0408,4.1,Cold
0,0.0408,4.1,Cold
0,0.0408,4.1,Cold
0,0.0408,4.1,Cold
0,0.0408,4.1,Cold
0,0.0408,4.1,Cold
0,0.0408,4.1,Cold
0,0.0408,4.1,Cold
0,0.0408,4.1,Cold
0,0.0408,4.1,Cold
0,0.0408,4.1,Cold
0,0.0408,4.1,Cold
0,0.0408,4.1,Cold
0,0.0408,4.1,Cold
0,0.0408,4.1,Cold
0,0.0408,4.1,Cold
0,0.0408,4.1,Cold
0,0.0408,4.1,Cold
0,0.0408,4.1,Cold
1,0.0408,4.1,Cold
0,0.0408,4.1,Cold
0,0.0408,4.1,Cold
0,0.0408,4.1,Cold
0,0.0408,4.1,Cold
0,0.0408,4.1,Cold
0,0.0408,4.1,Cold
0,0.0408,4.1,Cold
0,0.0408,4.1,Cold
0,0.0408,4.1,Cold
0,0.0408,4.1,Cold
0,0.0408,4.1,Cold
0,0.0408,4.1,Cold
0,0.0408,4.1,Cold
0,0.0408,4.1,Cold
0,0.0408,4.1,Cold
0,0.0408,4.1,Cold
0,0.0408,4.1,Cold
0,0.0408,4.1,Cold
0,0.0408,4.1,Cold
0,0.0408,4.1,Cold
0,0.0408,4.1,Cold
0,0.0408,4.1,Cold
0,0.0408,4.1,Cold
0,0.0408,4.1,Cold
0,0.0408,4.1,Cold
0,0.0408,4.1,Cold
0,0.0408,4.1,Cold
0,0.0408,4.1,Cold
0,0.0408,4.1,Cold
0,0.0408,4.1,Cold
0,0.0408,4.1,Cold
0,0.0408,4.1,Cold
0,0.0408,4.1,Cold
0,0.0408,4.1,Cold
0,0.0408,4.1,Cold
0,0.0408,4.1,Cold
0,0.0408,4.1,Cold
0,0.0408,4.1,Cold
0,0.0408,4.1,Cold
0,0.0408,4.1,Cold
0,0.0413,4.1,Cold
0,0.0408,4.1,Cold
0,0.0408,4.1,Cold
0,0.0408,4.1,Cold
0,0.0408,4.1,Cold
0,0.0408,4.1,Cold
0,0.0408,4.1,Cold
0,0.0408,4.1,Cold
0,0.0408,4.1,Cold
0,0.0408,4.1,Cold
0,0.0408,4.1,Cold
0,0.0408,4.1,Cold
0,0.0408,4.1,Cold
0,0.0408,4.1,Cold
0,0.0408,4.1,Cold
0,0.0408,4.1,Cold
0,0.0408,4.1,Cold
0,0.0408,4.1,Cold
0,0.0408,4.1,Cold
0,0.0408,4.1,Cold
0,0.0408,4.1,Cold
0,0.0408,4.1,Cold
0,0.0408,4.1,Cold
0,0.0408,4.1,Cold
0,0.0408,4.1,Cold
0,0.0408,4.1,Cold
0,0.0408,4.1,Cold
0,0.0408,4.1,Cold
0,0.0408,4.1,Cold
0,0.0408,4.1,Cold
0,0.0408,4.1,Cold
0,0.0408,4.1,Cold
0,0.0408,4.1,Cold
0,0.0408,4.1,Cold
0,0.0408,4.1,Cold
0,0.0408,4.1,Cold
0,0.0408,4.1,Cold
0,0.0408,4.1,Cold
0,0.0407,4.1,Cold
0,0.0408,4.1,Cold
0,0.0408,4.1,Cold
0,0.0408,4.1,Cold
0,0.0408,4.1,Cold
0,0.0409,4.1,Cold
0,0.0408,4.1,Cold
0,0.0408,4.1,Cold
0,0.0408,4.1,Cold
0,0.0408,4.1,Cold
0,0.0408,4.1,Cold
0,0.0408,4.1,Cold
0,0.0408,4.1,Cold
0,0.0408,4.1,Cold
0,0.0408,4.1,Cold
0,0.0408,4.1,Cold
0,0.0408,4.1,Cold
0,0.0408,4.1,Cold
0,0.0408,4.1,Cold
0,0.0408,4.1,Cold
0,0.0408,4.1,Cold
0,0.0408,4.1,Cold
0,0.0408,4.1,Cold
0,0.0408,4.1,Cold
0,0.0408,4.1,Cold
0,0.0408,4.1,Cold
0,0.0408,4.1,Cold
0,0.0408,4.1,Cold
0,0.0408,4.1,Cold
0,0.0408,4.1,Cold
0,0.0408,4.1,Cold
0,0.0408,4.1,Cold
0,0.0408,4.1,Cold
0,0.0408,4.1,Cold
0,0.0408,4.1,Cold
0,0.0408,4.1,Cold
0,0.0408,4.1,Cold
0,0.0408,4.1,Cold
0,0.0408,4.1,Cold
0,0.0408,4.1,Cold
0,0.0408,4.1,Cold
0,0.0408,4.1,Cold
0,0.0408,4.1,Cold
0,0.0408,4.1,Cold
0,0.0408,4.1,Cold
0,0.0408,4.1,Cold
0,0.0408,4.1,Cold
0,0.0408,4.1,Cold
0,0.0408,4.1,Cold
0,0.0408,4.1,Cold
0,0.0408,4.1,Cold
0,0.0408,4.1,Cold
0,0.0408,4.1,Cold
0,0.0408,4.1,Cold
0,0.0408,4.1,Cold
0,0.0408,4.1,Cold
0,0.0408,4.1,Cold
0,0.0408,4.1,Cold
0,0.0408,4.1,Cold
0,0.0408,4.1,Cold
0,0.0408,4.1,Cold
0,0.0408,4.1,Cold
0,0.0408,4.1,Cold
0,0.0408,4.1,Cold
0,0.0408,4.1,Cold
0,0.0408,4.1,Cold
0,0.0409,4.1,Cold
0,0.0408,4.1,Cold
0,0.0408,4.1,Cold
0,0.0408,4.1,Cold
0,0.0408,4.1,Cold
0,0.0408,4.1,Cold
0,0.0408,4.1,Cold
0,0.0408,4.1,Cold
1,0.0408,4.1,Cold
0,0.0408,4.1,Cold
0,0.0408,4.1,Cold
1,0.0408,4.1,Cold
0,0.0408,4.1,Cold
0,0.0408,4.1,Cold
0,0.0408,4.1,Cold
0,0.0408,4.1,Cold
0,0.0408,4.1,Cold
0,0.0408,4.1,Cold
0,0.0408,4.1,Cold
0,0.0408,4.1,Cold
0,0.0408,4.1,Cold
0,0.0408,4.1,Cold
0,0.0408,4.1,Cold
0,0.0408,4.1,Cold
0,0.0408,4.1,Cold
0,0.0408,4.1,Cold
0,0.0408,4.1,Cold
0,0.0408,4.1,Cold
0,0.0408,4.1,Cold
0,0.0408,4.1,Cold
0,0.0408,4.1,Cold
0,0.0414,4.1,Cold
0,0.0408,4.1,Cold
0,0.0409,4.1,Cold
0,0.0408,4.1,Cold
0,0.0408,4.1,Cold
0,0.0408,4.1,Cold
0,0.0408,4.1,Cold
0,0.0408,4.1,Cold
0,0.0408,4.1,Cold
0,0.0408,4.1,Cold
0,0.0408,4.1,Cold
0,0.0408,4.1,Cold
0,0.0408,4.1,Cold
0,0.0408,4.1,Cold
0,0.0408,4.1,Cold
0,0.0408,4.1,Cold
0,0.0408,4.1,Cold
0,0.0413,4.1,Cold
0,0.0408,4.1,Cold
0,0.0408,4.1,Cold
0,0.0408,4.1,Cold
0,0.041,4.1,Cold
0,0.0408,4.1,Cold
0,0.0408,4.1,Cold
0,0.0408,4.1,Cold
0,0.0408,4.1,Cold
0,0.0408,4.1,Cold
0,0.0408,4.1,Cold
0,0.0408,4.1,Cold
0,0.0408,4.1,Cold
0,0.0408,4.1,Cold
0,0.0408,4.1,Cold
0,0.0408,4.1,Cold
0,0.0408,4.1,Cold
0,0.0408,4.1,Cold
0,0.0408,4.1,Cold
0,0.0408,4.1,Cold
0,0.0408,4.1,Cold
0,0.0408,4.1,Cold
0,0.0408,4.1,Cold
0,0.0408,4.1,Cold
0,0.0408,4.1,Cold
0,0.0408,4.1,Cold
0,0.0408,4.1,Cold
0,0.0408,4.1,Cold
0,0.0408,4.1,Cold
0,0.0408,4.1,Cold
0,0.0408,4.1,Cold
0,0.0408,4.1,Cold
0,0.0408,4.1,Cold
0,0.0408,4.1,Cold
0,0.0408,4.1,Cold
0,0.0408,4.1,Cold
0,0.0408,4.1,Cold
0,0.0408,4.1,Cold
0,0.0408,4.1,Cold
0,0.0408,4.1,Cold
0,0.0408,4.1,Cold
1,0.0408,4.1,Cold
0,0.0408,4.1,Cold
0,0.0408,4.1,Cold
0,0.0413,4.1,Cold
0,0.0408,4.1,Cold
0,0.0408,4.1,Cold
0,0.0408,4.1,Cold
0,0.0408,4.1,Cold
0,0.0408,4.1,Cold
0,0.0408,4.1,Cold
0,0.0412,4.1,Cold
0,0.0408,4.1,Cold
0,0.0408,4.1,Cold
0,0.0408,4.1,Cold
0,0.0408,4.1,Cold
0,0.0408,4.1,Cold
0,0.0408,4.1,Cold
0,0.0408,4.1,Cold
0,0.0408,4.1,Cold
0,0.0408,4.1,Cold
0,0.0408,4.1,Cold
0,0.0408,4.1,Cold
0,0.0408,4.1,Cold
0,0.0408,4.1,Cold
0,0.0408,4.1,Cold
0,0.0408,4.1,Cold
0,0.0408,4.1,Cold
0,0.0408,4.1,Cold
0,0.0408,4.1,Cold
0,0.0408,4.1,Cold
0,0.0408,4.1,Cold
0,0.0408,4.1,Cold
0,0.0408,4.1,Cold
0,0.0408,4.1,Cold
0,0.0408,4.1,Cold
0,0.0408,4.1,Cold
0,0.0408,4.1,Cold
0,0.0408,4.1,Cold
0,0.0408,4.1,Cold
0,0.0408,4.1,Cold
0,0.0408,4.1,Cold
0,0.0408,4.1,Cold
0,0.0408,4.1,Cold
0,0.0408,4.1,Cold
0,0.0408,4.1,Cold
0,0.0408,4.1,Cold
0,0.0408,4.1,Cold
0,0.0408,4.1,Cold
0,0.0408,4.1,Cold
0,0.0408,4.1,Cold
0,0.0408,4.1,Cold
0,0.0408,4.1,Cold
0,0.0408,4.1,Cold
0,0.0408,4.1,Cold
0,0.0415,4.1,Cold
0,0.0408,4.1,Cold
0,0.0408,4.1,Cold
0,0.0408,4.1,Cold
0,0.0408,4.1,Cold
0,0.0408,4.1,Cold
0,0.0408,4.1,Cold
0,0.0408,4.1,Cold
0,0.0408,4.1,Cold
0,0.0408,4.1,Cold
0,0.0408,4.1,Cold
0,0.0408,4.1,Cold
0,0.0408,4.1,Cold
0,0.0408,4.1,Cold
0,0.0408,4.1,Cold
0,0.0408,4.1,Cold
0,0.0408,4.1,Cold
0,0.0408,4.1,Cold
0,0.0408,4.1,Cold
0,0.0408,4.1,Cold
0,0.0408,4.1,Cold
0,0.0408,4.1,Cold
0,0.0408,4.1,Cold
0,0.0408,4.1,Cold
0,0.0408,4.1,Cold
0,0.0405,4.1,Cold
0,0.0408,4.1,Cold
0,0.0408,4.1,Cold
0,0.0408,4.1,Cold
0,0.0408,4.1,Cold
0,0.0408,4.1,Cold
0,0.0408,4.1,Cold
0,0.0408,4.1,Cold
0,0.0408,4.1,Cold
0,0.0408,4.1,Cold
0,0.0408,4.1,Cold
0,0.0408,4.1,Cold
0,0.0408,4.1,Cold
0,0.0408,4.1,Cold
0,0.0408,4.1,Cold
0,0.0408,4.1,Cold
0,0.0408,4.1,Cold
0,0.0415,4.1,Cold
1,0.0408,4.1,Cold
0,0.0408,4.1,Cold
0,0.0402,4.0,Cold
0,0.04,4.0,Cold
0,0.0401,4.0,Cold
0,0.0398,4.0,Cold
0,0.0402,4.0,Cold
0,0.04,4.0,Cold
0,0.0396,4.0,Cold
0,0.0397,4.0,Cold
0,0.0398,4.0,Cold
0,0.0404,4.0,Cold
0,0.0404,4.0,Cold
0,0.0404,4.0,Cold
0,0.0401,4.0,Cold
0,0.0398,4.0,Cold
1,0.0403,4.0,Cold
0,0.0404,4.0,Cold
0,0.0404,4.0,Cold
0,0.0399,4.0,Cold
0,0.0402,4.0,Cold
0,0.0402,4.0,Cold
0,0.0389,3.9,Cold
0,0.0392,3.9,Cold
0,0.0393,3.9,Cold
0,0.0389,3.9,Cold
0,0.0393,3.9,Cold
0,0.0395,3.9,Cold
0,0.0389,3.9,Cold
0,0.0395,3.9,Cold
0,0.0392,3.9,Cold
0,0.0386,3.9,Cold
0,0.0395,3.9,Cold
0,0.0394,3.9,Cold
0,0.0391,3.9,Cold
0,0.0387,3.9,Cold
0,0.0381,3.8,Cold
0,0.0381,3.8,Cold
0,0.0383,3.8,Cold
0,0.038,3.8,Cold
0,0.0385,3.8,Cold
1,0.0376,3.8,Cold
0,0.0381,3.8,Cold
0,0.0381,3.8,Cold
0,0.038,3.8,Cold
0,0.0372,3.7,Cold
0,0.0372,3.7,Cold
0,0.0373,3.7,Cold
0,0.0366,3.7,Cold
0,0.0372,3.7,Cold
0,0.0362,3.6,Cold
0,0.0363,3.6,Cold
0,0.0357,3.6,Cold
0,0.0362,3.6,Cold
0,0.0358,3.6,Cold
0,0.0359,3.6,Cold
0,0.0357,3.6,Cold
1,0.0362,3.6,Cold
0,0.0362,3.6,Cold
0,0.0349,3.5,Cold
0,0.0351,3.5,Cold
0,0.0346,3.5,Cold
0,0.0353,3.5,Cold
0,0.0353,3.5,Cold
0,0.0352,3.5,Cold
0,0.034,3.4,Cold
0,0.0338,3.4,Cold
0,0.0338,3.4,Cold
0,0.0339,3.4,Cold
0,0.0335,3.4,Cold
0,0.0335,3.4,Cold
0,0.0341,3.4,Cold
0,0.0339,3.4,Cold
0,0.0335,3.3,Cold
0,0.0327,3.3,Cold
0,0.0327,3.3,Cold
0,0.0333,3.3,Cold
0,0.0331,3.3,Cold
0,0.0334,3.3,Cold
0,0.0329,3.3,Cold
0,0.0332,3.3,Cold
0,0.0327,3.3,Cold
0,0.0327,3.3,Cold
0,0.0332,3.3,Cold
0,0.0334,3.3,Cold
0,0.0317,3.2,Cold
0,0.0316,3.2,Cold
0,0.0316,3.2,Cold
0,0.032,3.2,Cold
0,0.0318,3.2,Cold
0,0.0324,3.2,Cold
0,0.0321,3.2,Cold
0,0.0324,3.2,Cold
0,0.0324,3.2,Cold
0,0.032,3.2,Cold
0,0.0318,3.2,Cold
0,0.0306,3.1,Cold
0,0.0315,3.1,Cold
0,0.0315,3.1,Cold
0,0.0315,3.1,Cold
0,0.0305,3.1,Cold
0,0.0315,3.1,Cold
0,0.0315,3.1,Cold
0,0.0315,3.1,Cold
0,0.0313,3.1,Cold
0,0.0315,3.1,Cold
0,0.0315,3.1,Cold
0,0.0315,3.1,Cold
0,0.0305,3.1,Cold
0,0.031,3.1,Cold
0,0.0308,3.1,Cold
0,0.0309,3.1,Cold
0,0.0315,3.1,Cold
0,0.0315,3.1,Cold
0,0.0302,3.0,Cold
0,0.0301,3.0,Cold
1,0.0302,3.0,Cold
0,0.0299,3.0,Cold
0,0.0305,3.0,Cold
0,0.0298,3.0,Cold
0,0.0296,3.0,Cold
0,0.0288,2.9,Cold
0,0.0291,2.9,Cold
0,0.0295,2.9,Cold
0,0.0294,2.9,Cold
0,0.0293,2.9,Cold
0,0.0291,2.9,Cold
0,0.0291,2.9,Cold
0,0.0293,2.9,Cold
0,0.0285,2.9,Cold
0,0.0287,2.9,Cold
0,0.0294,2.9,Cold
0,0.0289,2.9,Cold
0,0.0277,2.8,Cold
0,0.0276,2.8,Cold
0,0.0281,2.8,Cold
0,0.028,2.8,Cold
0,0.0276,2.8,Cold
0,0.0275,2.8,Cold
0,0.0279,2.8,Cold
0,0.0276,2.8,Cold
0,0.0277,2.8,Cold
0,0.028,2.8,Cold
0,0.0271,2.7,Cold
0,0.027,2.7,Cold
0,0.0267,2.7,Cold
0,0.0274,2.7,Cold
0,0.0265,2.7,Cold
0,0.0271,2.7,Cold
0,0.0273,2.7,Cold
0,0.0269,2.7,Cold
0,0.0265,2.7,Cold
0,0.0266,2.7,Cold
0,0.0269,2.7,Cold
0,0.0273,2.7,Cold
0,0.0272,2.7,Cold
0,0.0274,2.7,Cold
0,0.0269,2.7,Cold
0,0.0268,2.7,Cold
0,0.0273,2.7,Cold
0,0.0272,2.7,Cold
0,0.026,2.6,Cold
0,0.0256,2.6,Cold
0,0.0256,2.6,Cold
0,0.0257,2.6,Cold
0,0.0259,2.6,Cold
0,0.0258,2.6,Cold
0,0.0256,2.6,Cold
0,0.0263,2.6,Cold
0,0.0256,2.6,Cold
0,0.0264,2.6,Cold
0,0.0258,2.6,Cold
0,0.0256,2.6,Cold
0,0.0264,2.6,Cold
0,0.026,2.6,Cold
1,0.0263,2.6,Cold
0,0.0251,2.5,Cold
0,0.0249,2.5,Cold
0,0.0248,2.5,Cold
0,0.0249,2.5,Cold
0,0.0252,2.5,Cold
0,0.0254,2.5,Cold
0,0.0246,2.5,Cold
1,0.0253,2.5,Cold
0,0.0254,2.5,Cold
0,0.0249,2.5,Cold
0,0.0253,2.5,Cold
0,0.0247,2.5,Cold
0,0.0251,2.5,Cold
0,0.0254,2.5,Cold
1,0.025,2.5,Cold
0,0.0254,2.5,Cold
0,0.0251,2.5,Cold
0,0.0246,2.5,Cold
0,0.0247,2.5,Cold
0,0.0252,2.5,Cold
0,0.0254,2.5,Cold
0,0.0253,2.5,Cold
0,0.0245,2.5,Cold
0,0.0253,2.5,Cold
0,0.0235,2.4,Cold
0,0.0237,2.4,Cold
0,0.0244,2.4,Cold
0,0.0243,2.4,Cold
0,0.0236,2.4,Cold
0,0.0237,2.4,Cold
0,0.0235,2.4,Cold
0,0.0237,2.4,Cold
0,0.0241,2.4,Cold
0,0.024,2.4,Cold
0,0.0238,2.4,Cold
0,0.0235,2.4,Cold
0,0.024,2.4,Cold
0,0.0242,2.4,Cold
0,0.0241,2.4,Cold
0,0.0245,2.4,Cold
0,0.024,2.4,Cold
0,0.0228,2.3,Cold
0,0.023,2.3,Cold
0,0.0232,2.3,Cold
1,0.0225,2.3,Cold
0,0.0227,2.3,Cold
0,0.0234,2.3,Cold
0,0.0234,2.3,Cold
0,0.0234,2.3,Cold
0,0.0231,2.3,Cold
0,0.0225,2.3,Cold
0,0.023,2.3,Cold
0,0.0228,2.3,Cold
0,0.0227,2.3,Cold
0,0.0231,2.3,Cold
0,0.023,2.3,Cold
0,0.0232,2.3,Cold
0,0.0235,2.3,Cold
0,0.0231,2.3,Cold
0,0.0221,2.2,Cold
0,0.0218,2.2,Cold
0,0.0218,2.2,Cold
0,0.0223,2.2,Cold
0,0.0217,2.2,Cold
0,0.0219,2.2,Cold
0,0.0222,2.2,Cold
0,0.0219,2.2,Cold
0,0.0222,2.2,Cold
0,0.0225,2.2,Cold
0,0.0218,2.2,Cold
0,0.022,2.2,Cold
0,0.0222,2.2,Cold
0,0.0205,2.1,Cold
0,0.0207,2.1,Cold
0,0.0206,2.1,Cold
0,0.0209,2.1,Cold
0,0.0206,2.1,Cold
0,0.0208,2.1,Cold
0,0.021,2.1,Cold
0,0.0214,2.1,Cold
0,0.0206,2.1,Cold
0,0.0207,2.1,Cold
0,0.0209,2.1,Cold
0,0.0214,2.1,Cold
0,0.0206,2.1,Cold
0,0.0207,2.1,Cold
0,0.021,2.1,Cold
0,0.0213,2.1,Cold
0,0.0211,2.1,Cold
0,0.0207,2.1,Cold
0,0.0212,2.1,Cold
0,0.0209,2.1,Cold
0,0.0206,2.1,Cold
0,0.0215,2.1,Cold
0,0.0211,2.1,Cold
0,0.021,2.1,Cold
0,0.0208,2.1,Cold
0,0.0213,2.1,Cold
0,0.0211,2.1,Cold
0,0.0211,2.1,Cold
0,0.0213,2.1,Cold
0,0.0202,2.0,Cold
0,0.0195,2.0,Cold
0,0.0196,2.0,Cold
0,0.0198,2.0,Cold
0,0.0196,2.0,Cold
0,0.0199,2.0,Cold
0,0.0199,2.0,Cold
0,0.0203,2.0,Cold
0,0.0197,2.0,Cold
0,0.02,2.0,Cold
0,0.0197,2.0,Cold
0,0.02,2.0,Cold
0,0.0198,2.0,Cold
0,0.0202,2.0,Cold
0,0.0197,2.0,Cold
0,0.0201,2.0,Cold
0,0.0202,2.0,Cold
0,0.0197,2.0,Cold
0,0.0202,2.0,Cold
0,0.0204,2.0,Cold
0,0.02,2.0,Cold
0,0.0196,2.0,Cold
0,0.0197,2.0,Cold
0,0.0196,2.0,Cold
0,0.0199,2.0,Cold
0,0.0196,2.0,Cold
0,0.0205,2.0,Cold
0,0.0203,2.0,Cold
0,0.0201,2.0,Cold
0,0.0201,2.0,Cold
0,0.0204,2.0,Cold
0,0.0204,2.0,Cold
0,0.0204,2.0,Cold
0,0.0196,2.0,Cold
0,0.0186,1.9,Cold
0,0.0193,1.9,Cold
0,0.0191,1.9,Cold
0,0.0187,1.9,Cold
0,0.0186,1.9,Cold
0,0.0193,1.9,Cold
0,0.0192,1.9,Cold
0,0.0186,1.9,Cold
0,0.0187,1.9,Cold
0,0.0188,1.9,Cold
0,0.0187,1.9,Cold
0,0.0192,1.9,Cold
0,0.0189,1.9,Cold
0,0.0187,1.9,Cold
0,0.0192,1.9,Cold
0,0.0191,1.9,Cold
0,0.0188,1.9,Cold
0,0.0185,1.9,Cold
0,0.019,1.9,Cold
0,0.0195,1.9,Cold
0,0.0186,1.9,Cold
0,0.0189,1.9,Cold
0,0.019,1.9,Cold
0,0.0187,1.9,Cold
0,0.0185,1.9,Cold
0,0.0194,1.9,Cold
0,0.0186,1.9,Cold
0,0.0188,1.9,Cold
0,0.0187,1.9,Cold
0,0.0193,1.9,Cold
0,0.0193,1.9,Cold
0,0.0187,1.9,Cold
0,0.0193,1.9,Cold
0,0.0176,1.8,Cold
0,0.0176,1.8,Cold
0,0.0175,1.8,Cold
0,0.0184,1.8,Cold
0,0.0184,1.8,Cold
0,0.018,1.8,Cold
0,0.0181,1.8,Cold
0,0.0175,1.8,Cold
0,0.0184,1.8,Cold
0,0.0183,1.8,Cold
0,0.0177,1.8,Cold
0,0.0184,1.8,Cold
0,0.0178,1.8,Cold
0,0.0175,1.8,Cold
0,0.0179,1.8,Cold
0,0.0183,1.8,Cold
0,0.018,1.8,Cold
0,0.0184,1.8,Cold
0,0.0178,1.8,Cold
0,0.0178,1.8,Cold
0,0.0184,1.8,Cold
0,0.0177,1.8,Cold
0,0.0184,1.8,Cold
0,0.0182,1.8,Cold
0,0.0182,1.8,Cold
0,0.0176,1.8,Cold
0,0.0178,1.8,Cold
0,0.0181,1.8,Cold
0,0.0177,1.8,Cold
0,0.0181,1.8,Cold
0,0.0169,1.7,Cold
0,0.0166,1.7,Cold
0,0.0171,1.7,Cold
0,0.0173,1.7,Cold
0,0.0172,1.7,Cold
0,0.0174,1.7,Cold
0,0.0165,1.7,Cold
0,0.0167,1.7,Cold
0,0.0167,1.7,Cold
0,0.0175,1.7,Cold
0,0.0169,1.7,Cold
0,0.0168,1.7,Cold
0,0.017,1.7,Cold
0,0.0173,1.7,Cold
0,0.0169,1.7,Cold
0,0.0172,1.7,Cold
0,0.017,1.7,Cold
0,0.0172,1.7,Cold
0,0.017,1.7,Cold
0,0.0169,1.7,Cold
0,0.0168,1.7,Cold
0,0.0172,1.7,Cold
0,0.017,1.7,Cold
0,0.0171,1.7,Cold
0,0.0174,1.7,Cold
0,0.0169,1.7,Cold
0,0.0166,1.7,Cold
0,0.0171,1.7,Cold
0,0.0173,1.7,Cold
0,0.0168,1.7,Cold
0,0.0172,1.7,Cold
0,0.0165,1.7,Cold
0,0.0169,1.7,Cold
0,0.0172,1.7,Cold
0,0.0168,1.7,Cold
0,0.0168,1.7,Cold
0,0.0168,1.7,Cold
0,0.0173,1.7,Cold
0,0.017,1.7,Cold
0,0.0173,1.7,Cold
0,0.0163,1.6,Cold
0,0.0155,1.6,Cold
0,0.0163,1.6,Cold
0,0.0159,1.6,Cold
0,0.0156,1.6,Cold
0,0.0163,1.6,Cold
0,0.0156,1.6,Cold
0,0.0163,1.6,Cold
0,0.0162,1.6,Cold
0,0.0156,1.6,Cold
0,0.0158,1.6,Cold
0,0.0155,1.6,Cold
0,0.0157,1.6,Cold
0,0.0162,1.6,Cold
0,0.0157,1.6,Cold
0,0.0155,1.6,Cold
0,0.0155,1.6,Cold
0,0.0157,1.6,Cold
0,0.0162,1.6,Cold
0,0.0158,1.6,Cold
0,0.016,1.6,Cold
0,0.0156,1.6,Cold
0,0.0164,1.6,Cold
0,0.0157,1.6,Cold
0,0.0162,1.6,Cold
0,0.0161,1.6,Cold
0,0.0164,1.6,Cold
0,0.0155,1.6,Cold
0,0.0155,1.6,Cold
0,0.0162,1.6,Cold
0,0.016,1.6,Cold
0,0.0161,1.6,Cold
0,0.0159,1.6,Cold
0,0.0155,1.6,Cold
0,0.016,1.6,Cold
0,0.0164,1.6,Cold
0,0.016,1.6,Cold
0,0.0163,1.6,Cold
0,0.0162,1.6,Cold
0,0.0158,1.6,Cold
0,0.0158,1.6,Cold
0,0.0155,1.6,Cold
0,0.0157,1.6,Cold
0,0.0163,1.6,Cold
0,0.0158,1.6,Cold
0,0.0159,1.6,Cold
1,0.0163,1.6,Cold
0,0.0161,1.6,Cold
0,0.015,1.5,Cold
0,0.0149,1.5,Cold
0,0.0145,1.5,Cold
0,0.0152,1.5,Cold
0,0.015,1.5,Cold
0,0.0151,1.5,Cold
0,0.0147,1.5,Cold
0,0.0148,1.5,Cold
0,0.0145,1.5,Cold
0,0.0152,1.5,Cold
0,0.0149,1.5,Cold
0,0.0148,1.5,Cold
0,0.0146,1.5,Cold
0,0.0149,1.5,Cold
0,0.015,1.5,Cold
0,0.0155,1.5,Cold
0,0.0151,1.5,Cold
0,0.0152,1.5,Cold
0,0.0152,1.5,Cold
0,0.0151,1.5,Cold
0,0.0148,1.5,Cold
0,0.0147,1.5,Cold
0,0.0149,1.5,Cold
0,0.0147,1.5,Cold
0,0.0146,1.5,Cold
0,0.0151,1.5,Cold
0,0.0153,1.5,Cold
0,0.0149,1.5,Cold
0,0.0141,1.4,Cold
0,0.0137,1.4,Cold
0,0.0141,1.4,Cold
0,0.0142,1.4,Cold
0,0.0135,1.4,Cold
0,0.0143,1.4,Cold
0,0.014,1.4,Cold
0,0.0139,1.4,Cold
0,0.0137,1.4,Cold
0,0.0141,1.4,Cold
0,0.0145,1.4,Cold
0,0.0136,1.4,Cold
0,0.0143,1.4,Cold
0,0.0142,1.4,Cold
0,0.0143,1.4,Cold
0,0.0138,1.4,Cold
0,0.014,1.4,Cold
0,0.0142,1.4,Cold
0,0.0141,1.4,Cold
0,0.0144,1.4,Cold
0,0.0144,1.4,Cold
0,0.0136,1.4,Cold
0,0.0136,1.4,Cold
0,0.0134,1.3,Cold
0,0.0125,1.3,Cold
0,0.0134,1.3,Cold
0,0.0129,1.3,Cold
0,0.0131,1.3,Cold
0,0.0132,1.3,Cold
0,0.0129,1.3,Cold
0,0.0134,1.3,Cold
0,0.0126,1.3,Cold
0,0.0133,1.3,Cold
0,0.0134,1.3,Cold
0,0.0131,1.3,Cold
0,0.0116,1.2,Cold
0,0.0124,1.2,Cold
0,0.0118,1.2,Cold
0,0.0119,1.2,Cold
0,0.012,1.2,Cold
0,0.0124,1.2,Cold
0,0.0123,1.2,Cold
0,0.0121,1.2,Cold
0,0.0123,1.2,Cold
0,0.0118,1.2,Cold
0,0.0124,1.2,Cold
0,0.0115,1.2,Cold
0,0.0116,1.2,Cold
0,0.0124,1.2,Cold
0,0.0116,1.2,Cold
0,0.012,1.2,Cold
0,0.0113,1.1,Cold
0,0.0114,1.1,Cold
0,0.0111,1.1,Cold
0,0.0107,1.1,Cold
0,0.0111,1.1,Cold
0,0.0113,1.1,Cold
0,0.0113,1.1,Cold
0,0.0111,1.1,Cold
0,0.0106,1.1,Cold
0,0.0114,1.1,Cold
0,0.0115,1.1,Cold
0,0.0114,1.1,Cold
0,0.0105,1.1,Cold
0,0.0101,1.0,Cold
0,0.0099,1.0,Cold
0,0.0099,1.0,Cold
0,0.0099,1.0,Cold
0,0.0099,1.0,Cold
0,0.0099,1.0,Cold
0,0.0099,1.0,Cold
0,0.0099,1.0,Cold
0,0.0099,1.0,Cold
0,0.0099,1.0,Cold
1,0.0099,1.0,Cold
0,0.0099,1.0,Cold
0,0.0099,1.0,Cold
0,0.0099,1.0,Cold
0,0.0099,1.0,Cold
0,0.0099,1.0,Cold
0,0.0099,1.0,Cold
0,0.0099,1.0,Cold
0,0.0099,1.0,Cold
0,0.0099,1.0,Cold
0,0.0099,1.0,Cold
0,0.0099,1.0,Cold
0,0.0099,1.0,Cold
0,0.0099,1.0,Cold
0,0.0098,1.0,Cold
0,0.0099,1.0,Cold
0,0.0102,1.0,Cold
0,0.0099,1.0,Cold
0,0.0099,1.0,Cold
0,0.0099,1.0,Cold
0,0.0099,1.0,Cold
0,0.0098,1.0,Cold
0,0.0099,1.0,Cold
0,0.0099,1.0,Cold
0,0.0099,1.0,Cold
0,0.0099,1.0,Cold
0,0.0102,1.0,Cold
0,0.0101,1.0,Cold
0,0.0099,1.0,Cold
0,0.0099,1.0,Cold
0,0.0099,1.0,Cold
0,0.0097,1.0,Cold
0,0.0099,1.0,Cold
0,0.0101,1.0,Cold
0,0.0099,1.0,Cold
0,0.0099,1.0,Cold
0,0.0099,1.0,Cold
0,0.0099,1.0,Cold
0,0.0099,1.0,Cold
0,0.009,0.9,Cold
0,0.0092,0.9,Cold
0,0.0094,0.9,Cold
0,0.0094,0.9,Cold
0,0.009,0.9,Cold
0,0.0094,0.9,Cold
0,0.0091,0.9,Cold
0,0.0091,0.9,Cold
0,0.0092,0.9,Cold
0,0.0086,0.9,Cold
0,0.0083,0.8,Cold
0,0.0076,0.8,Cold
0,0.0075,0.8,Cold
0,0.0085,0.8,Cold
0,0.008,0.8,Cold
0,0.0076,0.8,Cold
0,0.0078,0.8,Cold
0,0.0084,0.8,Cold
0,0.0079,0.8,Cold
0,0.0076,0.8,Cold
0,0.0068,0.7,Cold
0,0.0068,0.7,Cold
0,0.0067,0.7,Cold
0,0.0072,0.7,Cold
0,0.0073,0.7,Cold
0,0.007,0.7,Cold
0,0.0073,0.7,Cold
0,0.0071,0.7,Cold
0,0.0068,0.7,Cold
0,0.0068,0.7,Cold
0,0.0067,0.7,Cold
0,0.0069,0.7,Cold
0,0.0066,0.7,Cold
0,0.0067,0.7,Cold
0,0.0075,0.7,Cold
0,0.0072,0.7,Cold
0,0.0067,0.7,Cold
0,0.0072,0.7,Cold
0,0.0071,0.7,Cold
0,0.0058,0.6,Cold
0,0.0057,0.6,Cold
0,0.0059,0.6,Cold
0,0.0064,0.6,Cold
0,0.0059,0.6,Cold
0,0.0056,0.6,Cold
0,0.0061,0.6,Cold
0,0.0056,0.6,Cold
0,0.0062,0.6,Cold
0,0.0056,0.6,Cold
0,0.0056,0.6,Cold
0,0.0058,0.6,Cold
0,0.0063,0.6,Cold
0,0.006,0.6,Cold
0,0.0055,0.6,Cold
0,0.0055,0.6,Cold
0,0.0062,0.6,Cold
0,0.0058,0.6,Cold
0,0.0057,0.6,Cold
0,0.0063,0.6,Cold
0,0.0059,0.6,Cold
0,0.006,0.6,Cold
0,0.006,0.6,Cold
0,0.005,0.5,Cold
0,0.0045,0.5,Cold
0,0.0046,0.5,Cold
0,0.0045,0.5,Cold
0,0.0047,0.5,Cold
0,0.0045,0.5,Cold
0,0.0053,0.5,Cold
0,0.0054,0.5,Cold
0,0.0052,0.5,Cold
0,0.0047,0.5,Cold
0,0.0049,0.5,Cold
0,0.0051,0.5,Cold
0,0.0053,0.5,Cold
0,0.0053,0.5,Cold
0,0.0049,0.5,Cold
0,0.0047,0.5,Cold
0,0.0046,0.5,Cold
0,0.0045,0.5,Cold
0,0.0051,0.5,Cold
0,0.0051,0.5,Cold
0,0.0051,0.5,Cold
0,0.0051,0.5,Cold
0,0.0045,0.5,Cold
0,0.0053,0.5,Cold
0,0.0053,0.5,Cold
0,0.0053,0.5,Cold
0,0.0049,0.5,Cold
0,0.0052,0.5,Cold
0,0.0053,0.5,Cold
0,0.0053,0.5,Cold
0,0.0048,0.5,Cold
0,0.0039,0.4,Cold
0,0.0038,0.4,Cold
0,0.0036,0.4,Cold
0,0.0041,0.4,Cold
0,0.004,0.4,Cold
0,0.004,0.4,Cold
0,0.0037,0.4,Cold
0,0.0041,0.4,Cold
0,0.0036,0.4,Cold
0,0.0044,0.4,Cold
0,0.0037,0.4,Cold
0,0.0039,0.4,Cold
0,0.0038,0.4,Cold
0,0.0038,0.4,Cold
0,0.0043,0.4,Cold
0,0.0044,0.4,Cold
0,0.004,0.4,Cold
0,0.0043,0.4,Cold
0,0.0039,0.4,Cold
0,0.0035,0.4,Cold
0,0.0039,0.4,Cold
0,0.0036,0.4,Cold
0,0.0035,0.4,Cold
0,0.0042,0.4,Cold
0,0.0039,0.4,Cold
0,0.0044,0.4,Cold
0,0.0037,0.4,Cold
0,0.0042,0.4,Cold
0,0.0045,0.4,Cold
0,0.0044,0.4,Cold
0,0.0039,0.4,Cold
0,0.0037,0.4,Cold
0,0.0036,0.4,Cold
0,0.0045,0.4,Cold
0,0.0043,0.4,Cold
0,0.0035,0.3,Cold
0,0.0034,0.3,Cold
0,0.0035,0.3,Cold
0,0.0034,0.3,Cold
0,0.0035,0.3,Cold
0,0.0035,0.3,Cold
0,0.0018,0.2,Cold
0,0.0016,0.2,Cold
0,0.0016,0.2,Cold
0,0.0012,0.1,Cold
0,0.0015,0.1,Cold
0,0.0012,0.1,Cold
